,ADAL,ADAR,ADEL,ADER,ADFL,ADFR,ADLL,ADLR,AFDL,AFDR,AIAL,AIAR,AIBL,AIBR,AIML,AIMR,AINL,AINR,AIYL,AIYR,AIZL,AIZR,ALA,ALML,ALMR,ALNL,ALNR,AQR,ASEL,ASER,ASGL,ASGR,ASHL,ASHR,ASIL,ASIR,ASJL,ASJR,ASKL,ASKR,AUAL,AUAR,AVAL,AVAR,AVBL,AVBR,AVDL,AVDR,AVEL,AVER,AVFL,AVFR,AVHL,AVHR,AVJL,AVJR,AVKL,AVKR,AVL,AVM,AWAL,AWAR,AWBL,AWBR,AWCL,AWCR,BAGL,BAGR,BDUL,BDUR,CEPDL,CEPDR,CEPVL,CEPVR,DVA,DVC,FLPL,FLPR,HSNL,HSNR,IL1DL,IL1DR,IL1L,IL1R,IL1VL,IL1VR,IL2DL,IL2DR,IL2L,IL2R,IL2VL,IL2VR,OLLL,OLLR,OLQDL,OLQDR,OLQVL,OLQVR,PLNL,PLNR,PVCL,PVCR,PVNL,PVNR,PVPL,PVPR,PVQL,PVQR,PVR,PVT,RIAL,RIAR,RIBL,RIBR,RICL,RICR,RID,RIFL,RIFR,RIGL,RIGR,RIH,RIML,RIMR,RIPL,RIPR,RIR,RIS,RIVL,RIVR,RMDDL,RMDDR,RMDL,RMDR,RMDVL,RMDVR,RMED,RMEL,RMER,RMEV,RMFL,RMFR,RMHL,RMHR,SAADL,SAADR,SAAVL,SAAVR,SABD,SDQL,SDQR,SIADL,SIADR,SIAVL,SIAVR,SIBDL,SIBDR,SIBVL,SIBVR,SMBDL,SMBDR,SMBVL,SMBVR,SMDDL,SMDDR,SMDVL,SMDVR,URADL,URADR,URAVL,URAVR,URBL,URBR,URXL,URXR,URYDL,URYDR,URYVL,URYVR,VB01,VB02,VC01,VD01
ADAL,0,718,9581,263,0,0,0,0,0,0,0,0,0,0,258,0,0,0,0,0,0,0,0,0,0,314,0,0,0,0,0,0,0,0,0,0,0,0,0,0,0,0,0,0,0,0,0,0,0,0,2404,1010,0,2846,0,4595,0,0,0,114,0,0,0,0,0,0,0,0,3295,0,0,0,0,0,0,0,0,0,0,0,0,0,0,0,0,0,0,0,0,0,0,0,0,0,0,0,0,0,0,0,0,0,2790,370,2427,0,596,0,616,0,0,0,0,0,14366,9787,3811,1135,0,0,0,0,0,0,3530,0,0,0,0,0,0,0,0,0,0,0,0,0,0,0,0,0,0,0,0,0,0,0,0,0,0,0,0,0,0,0,0,0,0,0,0,0,0,0,0,0,0,0,0,0,0,4178,0,0,0,0,0,0,0,5268,0,0,0
ADAR,0,0,91,6139,0,0,0,0,0,0,0,0,0,0,0,0,0,0,0,0,0,0,0,0,0,0,0,0,0,0,0,0,0,0,0,0,0,0,0,0,0,0,0,0,0,0,0,0,0,0,84,0,1030,0,1567,0,1438,0,0,0,0,0,0,0,0,0,0,0,0,122,0,0,0,0,0,0,0,0,0,0,0,0,0,0,0,0,0,0,0,0,0,0,0,0,0,0,0,0,124,0,0,0,0,61,0,1044,0,44,2215,0,0,0,0,0,10490,6106,0,0,3331,0,0,0,0,0,0,6711,35,0,0,0,0,0,0,0,0,0,0,0,0,0,0,0,0,0,0,0,0,0,0,0,0,0,0,0,0,0,0,0,0,0,0,0,0,0,0,0,0,0,0,0,0,0,2263,0,0,0,0,0,0,0,0,0,0
ADEL,0,0,0,37158,0,0,0,0,0,0,0,0,0,0,0,0,3652,789,0,0,0,0,1688,0,0,9707,0,0,0,0,0,0,0,0,0,0,0,0,0,0,0,0,0,0,0,0,0,0,0,0,739,516,1765,0,0,0,73,3240,1641,0,0,0,0,0,0,0,0,0,6983,0,0,0,0,0,0,0,0,0,0,0,0,0,0,0,0,0,0,0,0,0,0,0,0,0,0,0,0,0,0,0,0,0,1130,0,0,0,0,0,1584,0,0,0,0,0,0,0,0,2681,0,7905,8857,0,0,0,0,0,37,0,0,0,0,0,0,0,0,0,0,0,11842,0,0,0,0,0,0,0,0,0,0,0,0,0,0,0,0,0,0,0,0,0,0,0,0,0,0,0,0,0,0,0,0,6655,0,0,0,0,0,0,0,3531,594,0,0
ADER,0,0,0,0,0,0,0,0,0,0,0,0,0,0,0,130,0,9012,0,0,0,0,4034,0,0,0,15680,0,0,0,0,0,0,0,0,0,0,0,0,0,0,0,0,0,0,0,0,0,0,0,0,0,0,902,0,3747,1473,198,1183,0,0,0,0,0,0,0,0,0,0,4708,0,0,0,0,0,213,0,0,0,0,0,0,0,0,0,0,0,0,0,0,0,0,0,0,0,0,0,0,0,0,0,0,539,1431,0,0,0,0,3138,0,0,0,0,0,0,0,0,0,3052,11428,2509,0,0,0,0,0,1655,0,0,0,0,0,0,0,0,0,0,7168,0,0,0,0,0,0,0,0,0,0,0,0,0,0,0,0,0,0,0,0,0,0,0,0,0,0,0,0,0,0,0,0,0,0,8676,0,0,0,0,0,0,2409,0,0,0
ADFL,3451,0,0,0,0,0,0,0,9888,0,0,0,0,0,4623,0,0,0,0,0,0,0,0,0,0,0,0,277,4289,321,739,0,0,0,0,0,0,0,0,0,28883,23,0,0,0,0,0,0,0,0,0,0,0,4388,0,0,0,0,0,0,21603,0,0,0,0,0,12,0,0,0,0,0,0,0,0,0,0,0,0,0,0,0,0,0,0,0,0,0,0,0,0,0,0,0,0,0,551,0,0,0,0,0,0,0,0,339,0,0,0,0,0,0,0,0,0,0,988,2657,0,3398,0,399,0,0,0,0,14803,0,0,0,0,0,0,0,0,0,0,0,0,0,0,0,0,0,0,0,0,0,0,0,0,0,0,0,0,0,0,0,0,0,0,0,0,0,0,0,0,0,0,0,0,0,0,0,0,0,0,231,0,0,0,0,0
ADFR,0,3315,0,0,97,0,0,0,0,151,0,0,0,0,0,131,0,0,0,0,0,0,0,0,0,0,0,4207,5250,3616,0,0,0,0,0,0,0,0,0,0,388,23699,0,0,0,0,0,0,0,0,0,0,28747,0,0,0,0,0,0,0,0,27601,0,0,0,0,5087,0,0,0,0,0,0,0,2707,0,0,0,0,0,0,0,0,0,0,0,0,0,0,0,0,0,0,0,0,0,0,838,0,0,0,0,0,0,0,14232,0,0,0,0,0,0,0,0,0,0,0,0,3401,0,7546,5012,0,0,0,0,21316,0,0,0,0,0,0,0,0,0,0,0,0,0,0,0,0,0,0,0,0,0,0,0,0,0,0,0,0,0,0,0,0,0,0,0,0,0,0,0,0,0,0,0,0,0,0,0,0,0,0,0,413,0,0,0,0
ADLL,7654,0,140,0,2044,0,0,5217,0,0,7632,0,17694,0,101,0,0,712,170,0,91,0,13699,1692,0,0,0,62,10249,18367,1970,0,0,0,0,0,82,0,0,0,0,0,7798,444,6951,0,917,8237,723,0,1533,2076,0,8913,1401,1090,0,0,0,0,30460,0,22731,0,0,1703,0,0,633,0,0,0,25,0,1279,0,0,0,0,0,344,0,191,0,0,0,0,0,579,0,0,0,1321,0,0,0,1446,0,0,0,0,1776,0,0,1761,0,10946,0,161,0,0,0,0,0,173,1040,2123,2768,0,214,0,0,1435,0,655,0,426,0,0,0,0,0,0,0,0,0,0,0,0,0,0,0,0,0,0,0,197,0,0,0,913,0,0,503,0,0,0,767,0,200,0,18485,0,0,0,0,0,0,0,0,0,0,0,1801,0,86,0,272,0,0,0,0,0
ADLR,0,10956,0,254,0,109,0,0,0,0,509,10473,214,23578,0,0,0,0,0,120,0,0,5439,0,302,0,0,0,0,25536,0,496,0,0,0,2029,0,41,0,0,0,0,0,3455,520,1189,5830,243,0,0,0,40,5932,0,2530,270,0,0,0,0,0,27967,0,18213,0,15714,0,0,0,96,0,0,0,16239,0,0,0,0,0,0,0,43,0,340,0,190,0,0,0,691,0,0,0,787,0,0,0,5597,0,0,5875,1059,0,0,0,3249,0,7127,264,0,0,0,0,0,2568,5050,141,0,2721,0,0,0,0,0,0,282,184,0,0,0,0,0,0,0,0,0,0,0,0,0,0,0,0,270,0,0,0,941,0,0,0,0,0,0,0,0,829,1111,741,0,150,0,28894,0,0,0,0,0,0,0,287,0,5798,0,8225,0,0,0,255,0,0,0,0
AFDL,0,0,0,0,0,0,0,0,0,0,0,0,0,0,0,0,3414,30346,0,0,0,0,0,0,0,0,0,0,4627,14584,0,0,0,0,0,0,0,0,0,0,24068,0,0,0,0,0,0,0,0,0,0,0,0,0,0,0,0,0,0,0,17995,0,0,0,0,0,0,1788,0,0,454,0,0,0,0,0,0,0,0,0,0,0,0,0,0,0,301,0,0,0,0,0,373,0,0,0,0,0,0,0,0,0,0,0,0,0,0,0,0,0,0,0,0,0,0,0,963,0,0,96,0,0,0,0,0,0,158,0,0,0,0,0,0,0,0,0,0,0,0,0,0,0,0,0,0,0,0,0,0,0,0,0,0,0,0,0,0,0,0,0,0,0,0,0,0,0,0,0,0,0,0,0,0,0,0,0,0,0,0,0,213,0,0
AFDR,0,0,0,0,0,0,0,0,873,0,0,0,0,0,0,0,28856,13351,0,0,0,0,0,0,0,0,0,0,15279,8217,0,0,0,0,0,0,0,0,0,0,40,23131,0,0,0,0,0,0,0,0,0,0,0,0,0,0,0,0,0,0,0,21608,0,0,0,0,406,0,0,0,0,0,0,0,0,0,0,0,0,0,0,0,0,0,0,0,0,0,0,0,0,0,0,0,0,0,0,0,0,0,0,0,0,0,0,0,0,0,0,0,0,0,0,0,0,0,3382,0,0,0,796,0,0,0,0,0,1951,0,0,0,0,0,0,0,0,0,0,0,0,0,0,0,0,0,0,0,0,0,684,0,0,0,0,0,0,0,0,0,0,0,0,0,0,0,0,0,0,0,0,0,0,0,0,0,0,0,0,0,0,0,0,0,0
AIAL,1646,0,0,0,3411,0,0,0,928,0,0,0,49300,1066,19201,0,0,3314,1456,0,13601,23,146,0,0,0,0,0,6105,18467,44651,0,0,0,0,0,7590,0,0,0,0,0,0,0,0,0,0,0,0,36,2877,1394,0,0,0,136,0,0,0,0,2654,0,0,0,0,0,0,0,0,0,0,0,0,0,0,0,0,0,0,0,0,0,0,0,0,0,0,0,0,0,0,0,0,0,0,0,0,0,0,0,0,0,0,0,0,0,5357,327,0,0,0,0,0,0,0,0,0,9989,0,0,0,948,0,0,0,0,0,0,0,0,0,0,0,0,0,0,0,0,0,0,0,0,0,0,0,0,0,0,0,0,0,0,0,1040,0,0,0,0,0,0,0,1442,0,0,0,0,0,0,0,0,0,0,0,0,0,0,0,0,0,0,0,0,0
AIAR,0,1509,0,0,0,1880,0,0,0,432,4586,0,0,55416,0,12102,3180,0,0,2778,0,8575,0,0,0,0,0,0,3138,6309,0,51377,0,0,0,0,0,7244,0,0,0,0,0,0,0,0,0,0,0,0,0,0,0,0,0,0,0,0,0,0,142,4517,0,0,0,0,0,0,0,0,0,0,0,4384,0,0,0,0,0,0,0,0,0,0,0,0,0,0,0,0,0,0,0,0,0,0,0,0,0,0,0,0,155,809,0,0,0,15025,0,0,0,0,0,0,0,0,0,0,17012,0,0,0,0,222,0,0,1067,0,0,0,0,0,0,0,0,0,0,0,0,0,0,0,0,0,0,0,0,0,0,0,0,0,0,0,0,0,0,0,0,0,0,0,2817,0,0,0,0,0,0,0,0,0,0,0,0,0,0,0,0,0,0,0,0
AIBL,1282,3753,0,0,888,2639,0,0,7196,0,0,0,0,0,21,0,0,6613,4709,0,3943,25930,0,0,0,0,0,3117,32960,7796,14425,0,0,0,0,0,0,0,0,0,303,924,0,0,0,0,0,0,7518,5189,0,0,0,185,0,0,7436,5141,5151,0,548,0,0,0,0,0,869,0,0,0,0,0,0,0,8337,7133,2852,1045,0,0,0,0,0,0,0,98,0,0,0,0,0,167,0,1057,0,0,0,0,0,0,0,0,0,0,0,6338,0,0,0,5839,0,490,0,4363,0,659,0,2380,892,1271,14736,0,3050,35165,0,0,115,1564,11387,463,0,0,0,0,0,0,1159,0,0,0,4449,7072,0,0,1708,3732,1488,0,0,149,9609,0,14236,0,346,0,0,1930,735,0,7503,0,0,0,16222,0,216,0,0,0,344,0,0,0,0,0,0,0,248,0,1213,0,0
AIBR,5302,3049,0,0,992,0,0,0,0,9225,0,0,5764,0,0,122,8542,0,0,5175,25116,964,0,0,0,0,0,1841,6627,49698,0,7913,0,0,0,0,0,0,0,0,788,0,0,0,0,0,0,0,6783,7009,0,0,0,0,0,0,7572,5206,3235,0,228,536,0,0,0,0,0,1661,0,0,0,0,0,0,8616,11243,1092,338,0,0,0,0,0,0,926,0,0,0,0,0,954,0,0,0,0,0,0,0,0,0,0,0,0,0,3348,0,0,95,0,8762,3455,0,7429,0,0,7936,1461,0,2277,17022,924,0,35072,2911,0,0,2823,7540,664,7239,1211,0,0,0,391,0,0,0,0,1899,3269,2099,0,0,3856,2683,0,1588,784,291,212,13751,0,586,0,0,3989,828,729,2093,0,0,475,9643,0,2757,635,0,0,1317,0,0,0,0,0,773,0,1616,0,4532,0,0,0
AIML,0,0,0,0,0,0,0,0,0,0,0,0,0,0,0,1115,0,0,0,0,0,0,2113,0,0,0,0,0,0,0,0,0,0,0,0,0,0,0,0,0,0,0,0,0,0,0,0,0,0,0,7601,3111,2349,251,500,74,0,0,0,0,0,0,0,0,0,0,0,0,73,0,0,0,0,0,0,0,0,0,0,0,0,0,0,0,0,0,0,0,0,0,0,0,0,0,0,0,0,0,0,0,0,0,0,283,0,0,1899,0,0,0,0,0,0,0,310,0,1710,5770,0,0,0,0,0,0,0,0,513,0,0,0,0,0,0,0,0,0,0,0,0,0,0,0,0,0,0,0,0,0,0,0,0,0,0,0,0,0,0,0,0,0,0,0,0,0,0,0,0,0,0,0,0,412,0,0,0,0,0,0,0,0,0,0,0
AIMR,0,0,0,0,0,0,0,0,0,0,0,0,0,0,0,0,0,0,0,0,0,0,2234,0,0,0,0,0,0,0,0,0,0,0,0,0,0,0,0,0,0,61,0,0,0,0,0,0,0,0,6996,13820,0,4881,0,831,0,1118,0,0,0,0,0,0,0,0,0,0,0,1363,0,0,0,0,0,0,0,0,0,0,0,0,0,0,0,0,0,0,0,0,0,0,0,0,0,0,0,0,0,0,0,0,2364,729,0,0,0,5099,1175,0,0,0,0,0,0,2764,0,0,8950,0,0,0,0,0,0,0,4345,0,0,0,0,0,0,0,0,0,0,0,0,0,0,0,0,0,0,0,0,0,0,0,0,0,0,0,0,0,0,0,0,0,0,0,0,0,0,0,0,0,0,0,0,0,263,0,0,0,0,0,0,0,0,0,0
AINL,0,0,0,0,0,0,0,0,0,0,0,0,0,0,0,0,0,6374,0,0,0,0,0,0,0,0,0,0,0,0,0,0,0,0,0,0,0,0,0,0,1944,20620,0,0,0,0,0,0,0,0,0,0,1650,0,2876,0,0,0,0,0,0,0,0,0,0,0,0,0,0,0,0,0,0,0,0,0,0,0,0,0,0,0,0,0,0,0,0,0,0,0,0,0,0,0,0,0,0,0,0,0,0,0,0,0,0,0,0,0,0,0,0,0,0,0,0,0,23828,0,0,0,0,0,0,0,0,0,173,0,0,0,0,0,0,0,0,0,0,0,0,0,0,0,0,0,0,0,0,0,0,0,0,0,0,0,0,0,0,0,0,0,0,0,0,0,0,0,0,0,0,0,0,0,0,0,0,0,0,0,0,0,0,0,0
AINR,0,0,0,0,0,0,0,0,0,0,0,0,0,0,0,0,0,0,0,0,0,0,0,0,0,0,438,0,0,0,0,0,0,0,0,0,0,0,0,0,16007,2672,0,0,0,0,0,0,0,0,0,0,0,5154,410,5183,0,0,0,0,0,0,0,0,0,0,0,0,0,0,0,0,0,0,0,0,0,0,0,0,0,0,0,0,0,0,0,0,0,0,0,0,0,0,0,0,0,0,0,0,0,0,0,0,0,0,0,0,0,0,0,0,0,0,0,0,28128,0,0,0,224,0,0,0,0,0,0,0,0,0,0,0,0,0,0,0,0,0,0,0,0,0,0,0,0,0,0,0,0,0,0,0,0,0,0,0,0,0,0,0,0,0,0,0,0,0,0,0,0,0,0,981,0,0,0,0,0,0,0,0,0,0,0
AIYL,199,0,0,0,5379,0,0,0,56757,0,0,0,0,0,4877,0,0,1873,0,0,0,0,0,0,0,0,0,0,36403,17469,1214,0,0,0,0,0,0,0,0,0,9817,0,0,0,0,0,0,0,0,752,0,0,0,0,0,3464,4360,0,0,0,21556,0,0,0,0,0,0,2654,144,0,0,0,0,0,0,0,0,0,0,0,0,0,0,0,0,0,0,0,0,0,0,0,0,0,0,0,0,0,0,0,0,0,0,0,0,0,1169,0,0,0,14667,340,24010,0,0,0,0,2227,0,265,617,8157,2758,0,0,0,3700,0,0,0,0,0,0,0,0,0,0,0,0,394,0,0,0,0,0,0,0,0,0,0,0,0,0,2255,0,0,0,0,0,0,7,1295,0,0,0,0,0,0,0,0,0,0,0,0,0,0,0,0,0,0,0,0,0
AIYR,0,0,0,0,0,8476,0,0,469,50177,0,0,0,0,0,9798,900,118,5280,0,0,0,0,0,0,0,0,0,27899,45881,0,3500,0,0,0,0,0,0,0,0,220,23451,0,0,0,0,0,0,0,0,0,0,13,0,2709,0,0,9008,0,1224,363,19825,0,0,0,0,6855,1084,0,0,0,0,0,0,350,0,0,485,0,0,0,0,0,0,0,0,0,0,0,0,0,0,0,0,0,0,0,0,0,0,0,0,0,0,0,0,0,0,0,0,0,15285,0,30227,0,0,0,0,1406,0,0,9132,0,847,0,0,6455,581,0,44,0,0,0,0,0,0,0,0,0,0,373,0,0,0,0,0,0,0,0,0,0,0,0,0,3574,0,782,0,204,0,3723,0,1568,0,0,0,0,0,0,0,0,0,0,0,0,0,0,0,0,0,0,0,0
AIZL,137,0,0,0,33858,0,0,0,22526,0,0,0,0,0,196,0,0,0,25101,161,0,0,0,0,0,0,0,175,7663,900,7137,0,0,0,0,0,0,0,0,0,4839,0,0,0,0,0,0,0,10237,20001,0,0,0,1363,0,0,113,638,0,0,21646,0,0,0,0,0,0,3359,0,0,0,0,0,0,16332,2315,0,0,0,0,0,0,0,0,0,0,0,0,0,0,0,0,0,0,0,0,0,0,0,0,0,0,0,0,0,585,0,0,0,0,38763,1990,7635,0,1036,0,405,1813,244,21547,180,12451,22169,0,0,0,12562,0,0,0,0,0,0,0,0,0,0,0,0,0,0,0,0,0,0,274,0,0,0,0,0,2755,0,0,0,200,148,148,1018,30792,426,15633,406,86,0,0,0,0,0,0,0,0,0,0,0,575,0,129,0,106,463,0,0
AIZR,0,1260,0,0,38,27031,0,0,0,15928,0,0,0,0,0,0,0,0,1227,16753,6457,0,0,0,0,0,0,642,5801,1575,0,7263,0,0,0,0,0,0,0,0,222,7181,0,0,0,0,0,0,20533,17744,0,0,334,0,0,0,211,0,0,0,0,20500,0,0,0,0,4605,0,0,0,0,0,0,0,16725,7459,0,0,0,0,0,0,0,0,0,0,0,0,0,0,0,0,0,0,0,0,0,0,0,0,0,0,0,0,0,382,0,0,0,0,486,32333,0,10416,0,1590,10,0,1366,1720,23166,15163,0,23568,0,0,15348,0,0,0,0,0,0,0,0,0,0,0,0,0,537,0,0,0,0,99,0,0,988,0,0,0,3157,0,0,2044,0,4818,0,2711,28010,1959,19180,0,1418,0,0,0,0,0,0,0,0,0,0,0,107,0,0,0,0,0,0
ALA,0,0,0,0,0,0,0,0,0,0,0,0,0,0,0,0,0,0,0,0,0,0,0,0,0,0,105,0,0,0,0,0,0,0,0,0,0,0,0,0,0,0,0,0,0,0,0,0,0,0,1216,1037,444,683,1023,888,0,0,0,0,0,0,0,0,0,0,0,0,0,0,0,0,0,0,0,0,0,0,0,0,0,0,0,0,0,0,0,0,0,0,0,0,0,0,0,0,0,0,0,0,0,0,0,0,0,0,11748,7372,0,0,0,0,0,0,0,0,10460,185,0,0,0,0,0,0,0,0,0,0,0,0,0,0,0,0,0,0,0,0,0,0,0,0,0,0,0,0,0,0,0,0,0,0,0,0,0,0,0,0,0,0,0,0,0,0,0,0,0,0,0,0,0,0,0,0,0,0,0,0,0,0,0,0,0
ALML,33,0,6953,0,0,0,0,0,0,0,0,0,0,0,11031,0,60,0,0,0,0,0,778,0,0,0,0,0,0,0,0,0,0,0,0,0,0,0,0,0,0,0,0,0,0,0,0,0,0,0,0,89,281,0,0,989,0,0,0,3863,0,0,0,0,0,0,0,0,20546,0,0,0,0,0,0,0,0,0,0,0,0,0,0,0,0,0,0,0,0,0,0,0,0,0,0,0,0,0,0,0,0,0,13063,837,0,0,0,0,8493,0,0,0,0,0,234,748,854,14859,0,0,0,0,0,0,0,0,0,0,0,0,0,0,0,0,0,0,0,0,0,0,0,0,0,0,0,0,0,0,0,0,0,0,0,0,0,0,0,0,0,0,0,0,0,0,0,0,0,0,0,0,0,1008,0,0,0,0,0,0,0,0,0,0,0
ALMR,0,2617,0,3980,0,0,0,0,0,0,0,0,0,0,0,3195,0,141,0,0,0,0,0,0,0,0,259,0,0,0,0,0,0,0,0,0,0,0,0,0,0,0,0,0,0,0,0,0,0,0,431,2,0,224,827,0,0,0,0,7018,0,0,0,0,0,0,0,0,0,29057,0,0,0,0,0,0,0,0,0,0,0,0,0,0,0,0,0,0,0,0,0,0,0,0,0,0,0,0,0,0,0,0,13796,2033,0,0,0,0,7973,0,0,0,0,0,0,0,0,0,6660,0,0,0,0,0,0,0,128,0,0,0,0,0,0,0,0,0,0,0,0,0,0,0,0,0,0,0,0,0,0,0,0,0,0,0,0,0,0,0,0,0,0,0,0,0,0,0,0,0,0,0,0,0,989,0,0,0,0,0,0,0,0,0,0
ALNL,0,0,0,0,0,0,0,0,0,0,0,0,0,0,0,0,0,0,0,0,0,0,0,0,0,0,0,0,0,0,0,0,0,0,0,0,0,0,0,0,0,0,0,0,0,0,0,0,0,0,0,6,172,0,0,0,0,139,0,0,0,0,0,0,0,0,0,0,0,0,0,0,0,0,0,0,0,0,0,0,0,0,0,0,0,0,0,0,0,0,0,0,0,0,0,0,0,0,0,0,0,0,0,0,0,0,0,0,0,0,0,0,0,0,0,884,0,0,0,988,0,0,0,0,0,0,0,0,0,0,0,0,0,0,0,0,0,0,0,0,0,0,0,0,0,0,0,0,0,0,0,0,0,0,0,0,0,0,0,0,0,0,0,0,0,0,0,0,0,0,0,889,0,0,0,0,0,0,0,0,0,0,0
ALNR,0,0,0,0,0,0,0,0,0,0,0,0,0,0,0,0,0,0,0,0,0,0,0,0,0,0,0,0,0,0,0,0,0,0,0,0,0,0,0,0,0,0,0,0,0,0,0,0,0,0,0,0,0,0,0,0,0,0,0,0,0,0,0,0,0,0,0,0,0,0,0,0,0,0,0,0,0,0,0,0,0,0,0,0,0,0,0,0,0,0,0,0,0,0,0,0,0,0,0,0,0,0,0,0,0,0,0,0,0,0,0,0,0,0,61,0,0,0,0,0,355,0,0,0,0,0,0,0,0,0,0,0,0,0,0,0,0,0,0,0,0,0,0,0,0,0,0,0,0,0,0,0,0,0,0,0,0,0,0,0,0,0,0,0,0,0,0,0,0,0,0,0,68,0,0,0,0,0,0,0,0,0,0
AQR,0,5497,0,1825,0,0,0,0,0,0,0,0,0,0,0,0,0,0,0,0,0,0,0,0,86,0,0,0,0,0,0,0,0,0,0,0,0,0,0,0,723,212,0,0,0,0,0,0,0,0,0,0,5774,3161,4014,0,2668,240,0,10,0,0,0,0,0,0,28083,26719,0,0,0,0,0,0,74332,7665,2007,0,0,0,0,0,0,0,0,0,0,0,0,0,111,0,0,0,0,0,0,54,0,0,0,0,0,0,39512,43933,0,0,0,1865,0,0,0,0,0,0,111,0,56,2096,1077,0,0,0,0,0,17218,0,0,0,0,0,0,0,0,0,0,0,0,0,0,0,0,0,0,0,0,0,0,0,0,0,0,0,0,0,0,0,0,0,0,0,0,0,0,0,0,0,0,383,0,0,0,0,0,0,343,0,305,0,0,0,0
ASEL,72,0,0,0,0,0,0,0,0,0,0,0,0,0,0,0,12671,1970,0,0,0,0,0,0,0,0,0,0,0,0,7604,3092,0,0,0,0,3511,0,0,0,6043,651,0,0,0,0,0,0,0,0,0,0,0,235,0,0,0,0,0,0,41402,0,0,0,0,0,0,0,0,0,0,0,0,187,0,0,0,0,0,0,0,0,0,379,0,0,0,0,0,0,0,0,0,743,0,0,0,0,0,0,0,0,0,0,0,0,512,0,0,0,0,0,0,0,0,0,2330,846,0,0,0,0,0,0,0,0,7097,0,0,0,0,0,0,0,0,0,0,0,0,0,5266,0,0,0,0,0,0,0,0,0,0,0,0,0,0,0,0,0,0,0,0,0,0,0,0,0,0,0,0,0,0,0,0,0,0,0,0,0,0,0,1065,0,0
ASER,0,870,371,0,0,0,0,0,0,0,0,0,0,0,0,232,241,7752,0,0,0,0,444,0,0,0,0,0,7603,0,4142,12053,0,0,0,0,0,4783,0,0,477,611,0,0,0,0,0,0,0,0,0,1558,0,0,0,0,0,0,0,0,69,53683,0,0,0,0,0,0,0,0,0,0,1472,0,0,0,0,0,0,0,686,0,924,0,0,0,0,0,0,0,0,0,539,0,240,0,0,0,360,0,0,0,0,0,0,0,118,6673,0,0,0,0,0,0,0,0,0,0,3660,0,0,0,0,0,0,0,2575,0,0,0,0,0,0,0,0,0,0,0,0,0,177,0,0,0,0,0,0,0,1680,0,0,0,0,0,0,0,0,0,0,0,0,0,0,0,0,0,0,0,0,0,0,51,0,0,0,197,0,0,0,0,0,0,0
ASGL,0,0,0,0,0,0,0,0,0,0,0,0,0,0,25976,0,0,3121,0,0,0,0,0,0,0,0,0,0,0,0,0,0,0,0,0,0,675,0,0,0,0,0,0,0,0,0,0,0,0,0,0,0,0,0,0,0,0,0,0,0,0,0,0,0,0,0,0,0,0,0,0,0,1259,0,0,0,0,0,0,0,0,0,0,0,0,0,0,0,0,0,0,0,0,0,0,0,0,0,0,0,0,0,0,0,0,0,196,0,0,0,0,0,0,0,894,0,1609,0,0,0,0,0,0,0,0,0,0,0,0,0,0,0,0,0,0,0,0,0,0,585,0,0,0,0,0,0,0,0,0,0,0,0,0,0,0,0,0,0,0,0,0,0,0,0,0,0,0,0,0,0,0,0,0,0,0,0,0,0,0,0,854,0,0
ASGR,0,77,0,0,0,0,0,0,0,0,0,0,0,0,0,22511,1764,0,0,0,0,0,0,0,0,0,0,0,0,0,0,0,0,0,0,0,0,1889,0,0,0,534,0,0,0,0,0,0,0,0,0,0,0,0,0,0,0,0,0,0,0,0,0,0,0,0,0,0,0,0,0,0,0,2776,0,0,0,0,0,0,0,0,0,0,0,0,0,0,0,0,0,0,0,0,0,0,0,0,0,0,0,0,0,0,0,0,0,0,0,0,0,0,0,0,0,848,0,0,602,0,0,0,0,0,0,0,410,624,0,0,0,0,0,0,0,0,0,0,0,0,0,0,0,0,0,0,0,0,1464,0,0,0,0,0,0,0,0,0,0,0,0,0,0,0,0,0,0,0,0,0,0,0,0,0,0,0,0,0,0,0,0,0,0
ASHL,11318,0,0,0,5272,0,20637,0,101,0,16492,0,13163,0,286,0,0,0,506,0,6925,155,0,0,0,0,0,0,4169,0,3983,0,0,2766,543,0,0,0,0,0,470,0,3594,354,24083,0,1614,9564,1560,0,2183,1174,0,9569,616,5020,0,0,0,0,7603,0,6527,0,0,0,0,0,0,0,0,0,0,0,0,0,0,0,7297,12276,0,0,0,0,0,0,0,0,0,0,0,0,0,0,0,0,457,0,0,0,206,676,0,0,860,0,229,0,0,0,1552,0,0,0,3892,0,2582,30766,0,0,0,0,7129,0,2234,0,1861,0,0,0,0,0,0,0,0,0,0,0,0,0,0,0,0,0,0,0,0,0,0,0,0,0,0,0,0,0,0,0,2729,0,0,5148,0,0,0,0,0,0,0,0,0,0,0,8151,0,0,0,845,0,0,0,0,0
ASHR,0,27388,0,0,0,6789,0,13636,0,0,15,18510,0,8787,0,373,0,0,0,101,314,4396,0,0,0,0,0,0,0,6134,0,669,0,0,0,31,0,0,0,0,0,0,0,9834,0,34102,12317,3098,0,5057,2930,2870,13810,0,2490,324,0,0,0,883,206,9599,866,8122,0,0,0,0,0,0,0,0,0,0,0,0,0,0,14934,6557,0,0,0,0,0,0,0,0,0,0,0,0,0,0,0,0,0,0,0,0,3470,2,0,0,0,6890,0,7999,0,0,0,846,0,0,0,5399,0,450,24043,0,0,0,0,4153,0,0,6885,87,0,0,0,0,0,0,0,0,0,0,0,0,0,0,0,0,0,0,0,0,0,0,0,0,0,0,0,0,0,0,0,0,0,0,2838,0,0,0,0,0,0,0,0,0,1307,0,1591,0,0,0,0,0,0,0,0
ASIL,0,0,269,0,4225,0,0,0,355,164,9507,0,1398,0,132,0,291,6146,2882,0,457,0,0,0,0,0,0,0,1683,24323,16618,0,0,0,0,0,1336,0,0,0,0,0,0,0,0,0,0,0,0,0,0,0,0,0,0,0,0,0,0,0,1016,0,0,0,31294,22475,0,0,0,0,0,0,1041,0,0,0,0,0,0,0,540,0,1122,0,0,0,193,0,0,0,0,0,870,0,47,0,0,0,0,0,0,0,0,0,0,0,0,0,0,0,358,0,3177,0,0,0,0,0,0,0,0,0,437,0,0,0,0,0,0,0,0,0,0,0,0,0,0,0,0,0,0,0,0,0,0,0,621,0,0,0,0,0,0,0,0,0,0,0,0,0,0,0,0,0,0,0,0,0,0,0,0,0,0,0,0,204,0,0,0,0,343,0,0
ASIR,0,114,0,0,0,25,0,0,0,1441,667,10872,0,4257,0,0,34,2327,0,1213,0,0,0,0,0,0,0,0,5486,2639,0,22869,0,0,1270,0,0,3900,0,0,0,671,0,0,0,0,0,0,0,0,0,0,0,0,0,0,0,0,0,0,0,1326,0,0,7406,53374,0,0,0,0,0,146,0,2097,0,0,0,0,0,0,0,558,0,1012,0,0,0,647,0,0,0,0,0,974,0,639,0,0,0,0,0,0,0,0,0,0,0,0,0,0,0,375,0,4124,0,0,0,0,0,0,0,0,0,1126,0,0,0,0,0,610,0,0,0,0,0,0,0,0,0,0,50,0,0,0,0,0,0,415,519,0,0,0,0,0,0,0,0,0,0,0,0,0,0,0,0,0,0,0,0,0,0,0,0,0,0,0,355,0,0,0,0,0,0
ASJL,0,0,1088,0,0,0,0,0,0,0,0,0,0,0,24899,616,0,1423,0,0,0,0,11335,1191,0,363,0,0,0,0,0,0,0,0,0,0,0,0,0,0,0,0,0,0,0,0,0,0,0,0,3708,13860,0,0,389,0,0,0,0,0,0,0,0,0,0,0,0,0,0,0,834,0,759,0,0,0,0,0,0,0,0,0,2561,0,0,0,0,0,0,0,0,0,635,0,0,0,0,0,0,0,0,0,0,0,0,0,59169,1482,0,0,0,0,0,0,0,0,807,0,0,0,0,0,0,0,0,0,0,0,0,0,0,0,0,0,0,0,0,0,0,0,0,0,0,0,0,0,0,0,0,0,0,0,0,0,0,0,0,0,0,0,0,0,0,0,0,0,0,0,0,0,0,0,0,0,0,0,0,0,0,0,376,0,0
ASJR,0,0,0,601,0,0,0,0,0,0,0,0,0,0,0,28625,1362,0,0,0,0,0,12643,0,9,0,358,0,0,0,0,0,0,0,0,0,3443,0,0,0,0,0,0,0,0,0,0,0,0,0,8420,10467,0,133,354,491,0,0,0,0,0,0,0,0,0,0,0,0,0,0,0,290,0,2225,0,0,0,0,0,0,0,0,0,1109,0,0,0,0,0,0,0,0,0,694,0,512,0,0,186,0,0,0,0,156,0,0,0,53145,0,0,0,0,0,0,0,0,0,0,395,0,0,0,0,0,0,0,0,0,0,0,0,0,0,0,0,0,0,0,0,0,0,0,0,0,0,0,0,0,610,0,0,0,0,0,0,0,0,0,0,0,0,0,0,0,0,0,0,0,0,0,0,0,0,0,0,0,0,0,0,0,0,0,0
ASKL,0,0,0,0,0,0,11349,1988,0,0,58456,1357,18011,0,7403,0,0,5748,421,0,0,0,2910,0,0,0,0,0,8392,961,662,0,3570,0,5902,0,24551,0,0,7177,0,0,0,0,0,0,0,0,0,0,6202,4397,0,0,0,0,0,0,0,0,7735,0,1857,0,3849,242,0,0,0,0,0,0,0,0,0,0,0,0,12607,9368,0,0,0,0,0,0,0,0,0,0,0,0,0,0,0,0,0,0,0,0,0,0,0,0,0,0,33490,500,0,0,0,0,0,0,0,0,309,407,0,0,0,0,28,0,0,0,0,0,0,0,0,0,0,0,0,0,0,0,0,0,0,0,0,0,0,0,0,0,0,0,0,0,0,0,0,0,0,0,0,0,0,0,0,0,0,0,0,0,0,0,0,0,0,0,0,0,0,0,0,0,920,0,0
ASKR,0,120,0,0,0,0,0,19398,0,0,1119,45000,0,8661,0,4796,5187,0,0,0,0,0,9781,0,0,0,0,0,0,5135,0,2566,0,2142,0,3156,1674,23216,0,0,0,0,0,0,0,64,0,65,0,0,0,2113,0,305,0,175,0,0,0,0,0,2519,0,0,0,11899,0,0,0,0,0,0,0,850,0,0,0,0,3526,9576,0,256,0,0,0,0,0,0,0,264,0,0,0,389,0,0,0,0,0,0,0,0,0,918,0,0,51,36476,0,0,0,0,0,111,0,0,642,0,6047,0,0,0,0,937,0,0,0,0,0,0,0,0,0,0,0,0,0,0,0,0,0,0,0,0,0,0,0,0,1179,0,0,175,0,0,0,120,0,0,0,0,0,0,1739,0,0,0,0,0,0,0,0,0,0,0,185,0,6,0,0,0,0,0,0
AUAL,0,0,0,0,0,0,0,0,0,0,0,0,0,0,0,0,0,0,0,0,0,0,0,0,0,0,0,0,0,0,0,0,0,0,0,0,0,0,0,0,0,1873,0,0,0,0,0,0,0,0,0,0,0,0,0,0,0,0,0,0,0,0,0,0,0,0,0,0,0,0,0,0,0,0,0,0,0,0,0,0,0,0,0,0,0,0,0,0,0,0,0,0,0,0,0,0,0,0,0,0,0,0,0,0,0,0,0,0,0,0,0,0,0,0,0,0,1580,0,0,585,0,0,0,0,0,0,5996,0,0,0,0,0,0,0,0,0,0,0,0,0,0,0,0,0,0,0,0,0,0,0,0,0,0,0,0,0,0,0,0,0,0,0,0,0,0,0,0,0,0,0,0,0,0,0,0,0,0,0,0,0,0,0,0
AUAR,0,0,0,0,0,0,0,0,0,0,0,0,0,0,0,0,0,0,0,0,0,0,0,0,0,0,0,0,0,0,0,0,0,0,0,0,0,0,0,0,0,0,0,0,0,0,0,0,0,0,0,0,0,0,0,0,0,0,0,0,0,0,0,0,0,0,0,0,0,0,0,0,0,0,0,0,0,0,0,0,0,0,0,0,0,0,0,0,0,0,0,0,0,0,0,0,0,0,0,0,0,0,0,0,0,158,0,0,0,0,0,0,0,0,0,0,2940,0,0,77,1606,0,0,0,0,0,7789,0,0,0,0,0,0,0,0,0,0,0,0,0,0,0,0,0,0,0,0,0,0,0,0,0,0,0,0,0,0,0,0,0,0,0,0,0,0,0,0,0,0,0,0,0,0,0,0,0,0,0,0,0,0,0,0
AVAL,6268,10049,6997,17663,0,0,0,0,0,0,276,0,22629,424,0,0,0,111,0,0,0,0,0,0,0,188,1047,16906,0,4042,111,0,0,0,3276,0,0,0,0,0,7649,0,0,0,5237,8306,11699,952,1223,0,0,0,2442,4241,0,2076,3546,273,0,0,0,0,0,0,1951,1787,3193,10953,0,579,0,0,0,0,8180,10444,20399,4272,0,0,0,0,0,0,0,658,0,0,0,0,0,0,0,1292,0,0,214,0,1179,0,8229,7464,0,0,4159,2744,0,0,0,23,12836,4682,1730,0,6304,7982,1950,0,0,41,2726,0,6543,28708,0,0,3257,0,4148,318,717,0,744,0,4460,0,0,0,0,0,0,2950,0,0,5495,6802,37709,8183,0,3627,4523,560,8198,535,0,1620,105,2349,0,250,6177,88,195,3083,24116,9429,1084,0,0,0,0,11,0,0,0,1146,10,54,3199,0,0,0,0
AVAR,14715,11953,15501,4988,0,337,0,0,0,0,0,0,356,23133,0,288,750,0,0,0,583,0,0,183,0,2123,0,8177,651,0,0,0,0,0,0,6436,0,0,0,0,0,8905,8198,0,14285,9289,2833,5958,0,0,3113,0,8096,6224,4334,717,3603,5513,0,0,0,0,0,0,1410,3400,10170,2584,0,0,0,0,0,0,1837,8932,5778,10209,0,0,0,0,0,0,0,0,0,0,0,0,0,0,0,0,0,0,0,183,0,0,12731,7111,187,0,7780,5173,320,0,0,0,3559,9116,0,1830,9779,22516,1417,4408,0,3103,0,0,16193,7570,0,0,1651,1187,3099,8333,0,0,259,448,0,1152,0,0,0,0,1737,0,0,0,2868,6518,9599,29452,0,1481,284,1134,0,0,2853,2569,2083,823,3138,6281,817,777,0,18378,99,13,11261,0,0,0,0,0,0,0,0,1130,1592,2061,95,10676,0,0,0
AVBL,3645,4650,0,0,3846,0,0,0,0,0,0,0,21380,0,0,0,0,0,1139,0,2562,0,0,5028,0,0,0,21135,0,0,4091,0,0,0,0,0,0,0,0,0,260,0,0,0,0,6605,19237,12358,7973,415,3506,2037,7345,10893,13623,28102,6817,0,2813,6837,1960,0,0,0,0,0,0,2145,946,853,0,0,41,78,19247,4793,0,5750,0,0,0,0,0,0,0,133,0,32,0,0,0,0,0,0,0,0,0,0,0,0,40439,43751,2568,3312,15860,23115,0,0,9860,3844,0,161,1785,2997,180,12080,3968,17088,0,0,7946,854,11991,2993,3226,2039,297,2148,2991,5632,0,0,0,0,0,122,0,0,0,708,0,854,0,0,0,0,155,2134,0,12418,13570,0,422,0,1248,2746,9151,21650,6800,720,0,0,0,0,0,0,2456,0,0,0,122,168,0,0,0,305,694,529,1201,0,0,0,0
AVBR,13307,8394,0,0,0,2665,0,0,0,0,1275,0,0,13353,657,0,0,0,414,1281,0,6038,0,3,3013,0,0,8324,0,0,0,26,0,0,0,0,0,0,0,0,0,520,0,0,0,0,9656,14276,848,10069,627,4524,8682,7293,39707,10940,1124,2264,0,1802,0,2108,0,0,0,0,0,0,0,5678,0,0,0,39,19330,0,3327,262,0,0,0,0,0,0,407,0,216,218,0,0,359,0,0,0,0,36,0,97,0,0,45044,41834,5253,3646,20114,17994,0,97,5235,0,0,0,3877,1101,2590,669,17650,2605,23611,5615,0,1813,5117,9607,726,1744,321,211,5287,362,0,0,0,0,967,0,0,0,0,0,0,0,0,0,179,0,1832,737,0,1106,16375,0,0,837,327,5417,584,7317,7710,743,0,3624,0,0,0,1596,0,0,70,570,0,0,299,0,0,720,817,227,366,0,0,0,0
AVDL,1515,6095,1270,416,0,0,0,0,0,0,0,429,0,1644,3010,0,0,1574,0,0,0,214,1763,1210,10256,0,0,7462,0,0,0,0,0,0,0,0,1193,0,0,0,0,1094,0,0,0,0,0,541,0,14497,767,79,11017,0,13278,2556,0,0,0,7510,0,0,0,0,0,0,7714,4590,1077,5082,536,593,0,752,15739,0,157,4827,0,0,0,533,0,0,0,0,97,527,0,0,0,0,218,0,25,1006,0,1118,0,0,14533,13299,548,4889,0,3780,0,0,5889,0,0,0,0,0,444,1047,10125,827,527,123,2469,0,449,1892,0,206,0,0,2637,0,0,0,0,0,0,998,0,0,0,0,0,0,0,0,239,103,744,1176,0,2020,0,0,5662,0,3127,2082,2232,15880,1660,0,124,0,2843,0,0,0,1648,178,0,0,0,886,3517,0,0,1660,1259,0,1901,0,0,0,0
AVDR,7669,3183,0,1845,0,0,0,0,0,0,963,0,3231,1799,0,3835,0,118,0,0,0,2421,2047,10878,4521,0,0,3745,0,0,0,0,0,0,0,0,0,1474,0,0,787,198,0,0,0,0,0,0,8131,562,427,0,0,7496,1165,25814,0,0,0,6022,0,0,0,0,0,0,4063,7251,1982,339,888,3985,1714,0,13129,0,390,27,0,0,653,238,0,0,0,0,564,0,0,0,0,0,0,307,727,371,597,0,0,0,19808,15050,1331,754,1785,454,0,49,185,1006,0,0,1889,0,976,240,19468,2612,994,5860,187,262,3374,927,0,0,2206,0,2329,949,0,0,0,0,0,0,0,0,0,0,0,0,0,0,0,1845,0,0,0,0,240,2512,0,0,0,2075,2275,913,14052,385,1970,1424,0,0,0,0,0,0,156,0,0,617,1116,0,0,335,1189,2102,0,0,0,0,0
AVEL,1552,184,2591,0,0,123,0,0,0,0,0,0,0,0,32,0,0,0,0,0,0,0,8584,2872,0,0,0,762,0,0,0,0,0,0,0,0,65,0,0,0,10898,0,0,0,0,0,0,0,0,0,0,0,0,0,0,1391,24364,1354,4363,529,0,0,0,0,0,0,815,14352,338,0,0,14594,0,8333,14640,4106,0,10801,0,0,0,0,1725,1266,0,0,0,0,0,0,0,0,0,27403,0,73,0,384,0,0,0,0,0,0,0,669,0,0,0,3568,0,0,0,0,130,0,1437,1017,0,5474,817,0,0,0,0,0,1120,8903,0,0,0,0,0,0,0,0,874,0,14,1023,0,324,0,0,0,0,0,0,0,118,0,0,0,0,0,0,0,0,0,0,0,0,0,0,0,0,0,0,0,0,0,190,0,0,0,342,7245,0,5756,0,0,553,0
AVER,73,451,0,4525,0,0,0,0,0,0,0,0,0,0,392,825,0,4,0,0,0,0,13456,0,0,0,0,201,0,0,0,0,0,0,0,0,0,10,0,0,265,14280,0,0,0,0,0,0,844,0,247,0,0,0,1605,0,5283,18120,0,94,0,0,0,0,0,0,19263,0,0,0,10288,382,8438,0,14704,1843,0,950,0,0,0,0,2474,2541,0,0,0,121,0,0,0,0,31351,0,347,0,0,0,0,0,0,0,0,0,4106,0,0,1347,0,0,0,0,0,0,0,0,0,0,0,3817,4736,3536,0,0,0,0,950,7148,0,0,0,0,0,0,0,0,0,127,0,405,0,444,0,0,0,0,0,0,0,0,0,0,0,0,0,0,0,0,0,0,0,0,0,0,0,0,0,0,0,0,0,0,322,0,0,10096,1313,11658,0,0,0,0,0
AVFL,0,0,0,0,0,0,0,0,0,0,0,0,0,0,0,0,0,0,0,0,0,0,0,0,0,0,0,0,0,0,0,0,0,0,0,0,0,0,0,0,0,0,0,0,0,0,0,0,0,0,0,55282,2647,3844,4268,2357,0,2273,0,0,0,0,0,0,0,0,0,0,1483,3221,0,0,0,0,0,0,0,0,0,0,0,0,0,0,0,0,0,0,0,0,0,0,0,0,0,0,0,0,0,0,0,0,13386,9702,1596,0,11064,244,0,0,0,0,0,0,0,0,2144,10272,6756,0,0,0,0,0,0,0,0,0,0,0,0,0,0,0,0,0,0,0,0,0,0,0,0,0,0,0,0,0,0,0,0,0,0,0,0,0,0,0,0,0,0,0,0,0,0,0,0,0,0,0,0,0,0,0,0,0,0,0,0,0,196,0,0
AVFR,0,0,0,0,0,0,0,0,0,0,0,0,0,0,0,0,0,0,0,0,0,0,0,0,0,0,0,0,0,0,0,0,0,0,0,0,0,0,0,0,0,0,0,0,0,0,0,0,0,0,0,0,0,2864,1215,1503,0,648,0,0,0,0,0,0,0,0,0,0,437,0,0,0,0,0,0,0,0,0,0,0,0,0,0,0,0,0,0,0,0,0,0,0,0,0,0,0,0,0,0,0,0,0,8789,4598,0,0,16355,15172,0,0,0,0,0,0,0,0,3348,11114,4228,0,0,0,0,0,0,0,0,0,0,0,0,0,0,0,0,0,0,0,0,0,0,0,0,0,0,0,0,0,0,0,0,0,0,0,0,0,0,0,0,0,0,0,0,0,0,0,0,0,0,0,0,13,0,0,0,0,0,0,0,190,214,0,0
AVHL,0,0,0,0,0,0,0,0,0,0,0,0,0,0,0,0,0,0,0,0,0,0,0,0,0,0,0,0,0,0,0,0,0,0,0,0,0,0,0,0,0,0,0,0,0,0,0,0,0,0,0,0,0,837,13641,226,0,0,0,3652,0,0,0,0,0,0,0,0,1318,4130,0,0,0,0,0,0,0,0,0,0,0,0,0,0,0,0,0,0,0,0,0,0,0,0,0,0,0,0,0,0,0,0,216,0,0,39301,91,0,0,0,0,0,0,0,608,0,3998,3680,6628,0,0,0,0,0,0,0,14633,0,0,0,0,0,0,0,0,0,0,0,0,0,0,0,0,0,0,0,0,0,0,0,0,0,0,0,0,0,0,0,0,0,0,0,0,0,0,0,0,0,0,0,0,0,0,0,0,0,0,0,0,0,0,0,0
AVHR,0,0,0,0,0,0,0,0,0,0,0,0,0,0,0,0,0,0,0,0,0,0,0,0,0,0,0,0,0,0,0,0,0,0,0,0,0,0,0,0,0,0,0,0,0,0,0,0,0,0,0,0,0,0,0,9539,0,651,0,645,0,0,0,0,0,0,0,0,1708,1173,0,0,0,0,0,0,0,0,0,0,0,0,0,0,0,0,0,0,0,0,0,0,0,0,0,0,0,0,0,0,0,0,765,1970,31584,0,0,258,0,0,0,0,0,0,0,0,29,4925,1779,2044,0,0,0,0,0,0,20864,0,0,0,0,0,0,0,0,0,0,0,0,0,0,0,0,0,0,0,0,0,0,0,0,0,0,0,0,0,0,0,0,0,0,0,0,0,0,0,0,0,0,0,0,0,0,0,0,0,0,0,0,0,0,0,0
AVJL,0,0,0,0,0,0,0,0,0,0,0,0,0,0,0,0,0,0,0,0,0,0,0,0,0,0,0,0,0,0,0,0,0,0,0,0,0,0,0,0,0,0,0,0,0,0,0,0,0,0,0,0,0,0,0,4724,0,0,0,4099,0,0,0,0,0,0,0,0,884,7859,0,0,0,0,0,0,0,0,0,0,0,0,0,0,0,0,0,0,0,0,0,0,0,0,0,0,0,0,0,0,0,0,3879,8706,0,3088,0,0,3861,0,0,0,0,0,671,0,543,1098,11920,0,0,0,0,0,0,92,0,0,0,0,0,0,0,0,0,0,0,0,0,0,0,0,0,0,0,0,0,0,0,0,0,0,0,0,0,0,0,0,0,0,0,0,0,0,0,0,0,0,0,0,0,0,2157,0,0,0,0,0,0,0,0,0,0
AVJR,0,0,0,0,0,0,0,0,0,0,0,0,0,0,0,0,0,0,0,0,0,0,0,0,0,0,0,0,0,0,0,0,0,0,0,0,0,0,0,0,0,0,0,0,0,0,0,0,0,0,0,0,0,0,0,0,0,0,0,5990,0,0,0,0,0,0,0,0,5407,2299,0,0,0,0,0,0,0,0,0,0,0,0,0,0,0,0,0,0,0,0,0,0,0,0,0,0,0,0,0,0,0,0,5663,11371,0,0,0,0,4424,0,0,0,0,0,0,108,7476,9329,2404,0,0,0,0,0,0,0,0,0,0,0,0,0,0,0,0,0,0,0,0,0,0,0,0,0,0,0,0,0,0,0,0,0,0,0,0,0,0,0,0,0,0,0,0,0,0,0,0,0,0,0,0,0,0,0,0,0,0,0,0,0,0,0,0
AVKL,0,0,0,0,0,0,0,0,0,0,0,0,0,0,0,0,0,0,0,0,0,0,0,0,0,0,0,0,0,0,0,0,0,0,0,0,0,0,0,0,0,0,0,0,0,0,0,0,0,0,0,0,0,0,0,0,0,69804,0,0,0,0,0,0,0,0,0,0,0,0,0,0,0,0,0,37455,0,0,0,0,0,0,0,0,0,0,0,0,0,0,0,0,0,0,0,0,0,0,0,0,0,0,0,0,2612,1713,0,0,6394,0,0,0,0,0,3928,2661,0,0,0,9438,9821,0,0,0,0,0,0,0,0,0,0,0,0,0,0,0,0,80,0,403,0,0,0,0,0,0,0,0,273,0,0,0,0,0,0,0,0,0,0,0,0,0,0,0,0,0,0,0,0,0,0,0,0,0,0,0,0,0,0,0,0,0,0
AVKR,0,0,0,0,0,0,0,0,0,0,0,0,0,0,0,0,0,0,0,0,0,0,0,0,0,0,0,0,0,0,0,0,0,0,0,0,0,0,0,0,0,0,0,0,0,0,0,0,0,0,0,0,0,0,0,0,0,0,0,0,0,0,0,0,0,0,0,0,177,0,0,0,0,0,0,17228,0,0,0,0,0,0,0,0,0,0,0,0,0,0,0,0,0,0,0,0,0,0,0,0,0,0,0,0,5243,0,0,0,0,0,0,0,0,0,4251,2039,0,0,0,13463,8272,0,0,0,0,0,0,0,0,0,0,0,0,0,0,0,0,0,0,37,0,0,0,0,0,0,0,0,0,0,0,0,0,0,0,0,0,0,0,0,0,0,0,0,0,0,0,0,0,0,0,0,0,0,0,0,0,0,0,656,254,0,0
AVL,0,0,0,0,0,0,0,0,0,0,0,0,0,0,0,0,0,0,0,0,0,0,0,0,0,0,0,0,0,0,0,0,0,0,0,0,0,0,0,0,0,0,0,0,0,0,0,0,0,0,0,0,354,0,0,0,40890,49929,0,0,0,0,0,0,0,0,0,0,0,0,0,0,0,0,0,3173,0,0,0,0,0,0,0,0,0,0,0,0,0,0,0,0,0,0,0,0,0,0,0,0,0,0,0,0,0,147,0,0,0,0,0,0,0,0,4396,838,0,0,0,102,15190,0,0,0,0,0,14018,0,0,0,0,0,0,0,0,0,2868,3392,3234,14359,0,0,0,0,0,0,0,0,0,0,0,0,0,0,0,0,0,0,0,0,0,0,0,0,0,0,0,0,0,0,0,0,0,0,0,0,0,0,0,0,0,2460,0
AVM,0,0,0,0,0,0,0,0,0,0,0,0,0,0,0,0,0,0,0,0,0,0,0,0,0,0,0,0,0,0,0,0,0,0,0,0,0,0,0,0,0,0,0,0,0,0,0,0,0,0,0,0,0,0,0,0,0,0,0,0,0,0,0,0,0,0,0,0,11278,6960,0,0,0,0,0,0,0,0,0,0,0,0,0,0,0,0,0,0,0,0,0,0,0,0,0,0,0,0,0,0,0,0,4417,3800,0,0,0,0,7428,0,0,0,0,0,0,0,14234,0,20,0,0,0,0,0,0,0,0,0,0,0,0,0,0,0,0,0,0,0,0,0,0,0,0,0,0,0,0,0,0,0,0,0,0,0,0,0,0,0,0,0,0,0,0,0,0,0,0,0,0,0,0,0,0,0,0,0,0,0,0,0,0,0,0
AWAL,1813,0,0,0,0,0,0,0,0,0,0,0,0,0,0,0,0,0,0,0,0,0,0,0,0,0,0,0,0,0,3701,0,0,0,0,0,3,0,0,0,2246,0,0,0,0,0,0,0,0,0,4974,6836,0,0,0,0,0,0,0,0,0,0,0,0,0,0,0,0,0,0,0,0,0,0,0,0,0,0,0,0,0,0,0,0,0,0,0,0,0,0,0,0,0,0,0,0,0,0,0,0,0,0,0,0,0,0,3266,0,0,0,0,0,0,0,0,0,0,2399,0,0,0,0,0,0,0,0,0,0,0,0,0,0,0,0,0,0,0,0,0,0,0,0,0,0,0,0,0,0,0,0,0,0,0,0,0,0,0,0,0,0,0,0,0,0,0,0,0,0,0,0,0,0,0,0,0,0,0,0,0,0,0,0,0
AWAR,0,0,0,0,0,0,0,0,0,0,0,0,0,0,0,0,0,0,0,0,0,0,0,0,0,0,0,0,0,0,0,6179,0,0,0,0,0,192,0,0,0,4514,0,0,0,0,0,0,0,0,514,3263,273,0,0,0,0,0,0,0,601,0,0,0,0,0,0,0,0,0,0,0,0,0,0,0,0,0,0,0,0,0,0,0,0,0,0,0,0,0,0,0,0,0,0,0,0,287,0,0,0,0,0,0,0,0,0,4807,0,0,0,0,0,0,0,0,0,0,7255,0,1552,0,0,0,0,0,3808,0,0,0,0,0,0,0,0,0,0,0,0,0,0,0,0,0,0,0,0,0,0,0,0,0,0,0,0,0,0,0,0,0,0,0,0,0,0,0,0,0,0,0,0,0,0,0,0,0,0,0,93,0,0,0,0
AWBL,1294,0,0,0,23295,0,0,0,230,0,4909,850,331,827,1838,0,0,0,3228,391,19380,526,0,0,0,0,0,0,18213,946,61,0,0,0,5892,0,6326,0,0,0,2173,0,256,0,1955,0,0,0,0,0,2700,0,0,14115,0,0,0,0,0,0,41545,410,0,1017,384,0,0,0,0,0,0,0,0,0,140,0,0,0,0,0,0,0,0,0,0,0,0,0,0,0,0,0,0,0,0,0,125,0,0,0,0,204,0,0,2,0,0,0,0,0,735,0,3209,0,0,0,666,4781,790,1031,0,0,0,0,0,0,1703,0,0,0,0,0,0,0,0,0,0,0,0,0,0,0,0,0,0,0,0,0,0,0,0,0,0,0,0,0,0,0,0,572,0,7577,0,0,0,0,0,0,0,0,0,0,0,0,0,0,0,148,0,0,0,0,0
AWBR,0,1538,0,0,0,18464,0,0,0,157,418,875,1217,992,0,1741,0,0,0,2048,0,14178,0,0,515,0,0,0,486,10570,0,1274,0,0,0,3077,0,1325,0,0,197,3655,0,430,0,211,0,0,0,0,1869,0,9979,0,104,0,0,0,0,0,0,36617,0,0,0,0,53,0,0,0,0,0,0,0,0,0,0,0,0,0,0,0,0,0,0,0,0,0,0,0,0,0,0,0,0,0,0,615,0,0,0,0,0,0,0,190,0,0,0,0,0,617,0,5730,290,0,0,0,8509,0,130,0,0,0,0,0,9388,0,0,0,0,0,0,0,0,0,0,0,0,0,0,0,0,0,0,0,0,0,32,0,0,0,0,0,0,0,0,0,0,0,1526,0,20515,0,0,0,0,0,0,0,0,0,0,0,0,0,0,0,645,0,0,0,0
AWCL,0,0,0,0,348,0,0,0,23228,945,1689,12540,16341,2624,0,0,8586,7126,27174,2761,3570,1634,0,0,0,0,0,0,38474,7397,21203,645,0,0,0,0,0,0,0,0,3486,0,0,0,0,0,0,0,0,0,0,0,0,0,0,0,0,0,0,0,0,0,0,0,0,0,0,18,0,0,0,31,477,0,0,0,0,0,0,0,0,243,210,577,0,0,0,198,0,0,0,0,340,1271,0,193,0,0,0,0,0,0,0,0,0,0,0,0,0,0,2684,861,3664,0,0,0,304,0,0,0,0,0,3805,0,0,0,114,0,553,359,0,0,0,0,0,0,0,0,0,0,0,0,0,0,0,0,0,116,0,0,0,0,0,0,0,0,0,0,0,0,0,0,0,0,0,1023,0,0,0,0,0,0,0,0,0,0,216,0,0,0,0,0,0
AWCR,0,0,0,0,72,0,0,0,1188,4764,9194,22287,5128,36737,0,0,3405,6225,15863,14270,4711,2362,574,0,0,0,0,0,33551,49028,163,22108,0,0,0,0,0,0,0,0,0,2554,0,0,0,0,0,0,0,0,0,0,0,0,0,0,0,0,0,0,0,454,0,0,48485,0,0,0,0,0,0,0,630,1310,0,0,0,0,0,0,0,653,1239,0,0,0,69,251,0,0,0,0,241,111,117,279,0,0,0,0,0,0,0,0,0,0,1,0,0,0,750,108,0,1841,0,0,75,0,0,0,0,0,0,3759,0,0,0,0,396,0,0,0,0,0,0,0,0,0,0,0,1361,0,0,0,0,0,135,288,299,0,0,0,0,0,0,0,0,0,0,0,0,0,0,0,0,65,0,0,0,0,0,0,0,0,0,0,255,0,0,0,0,0,0
BAGL,0,0,0,0,0,0,0,0,0,0,0,0,0,0,0,0,3630,1405,0,0,0,0,0,0,0,0,0,0,0,0,0,0,0,0,0,0,0,0,0,0,1374,3277,0,0,0,0,0,0,0,0,0,0,0,0,0,0,110,0,2634,0,0,0,0,0,0,0,0,25648,0,0,0,0,0,0,0,5025,0,0,0,0,0,0,0,0,0,0,0,0,0,0,0,0,0,0,0,0,0,0,0,0,0,0,0,0,0,41,0,0,0,0,0,0,0,0,0,0,870,0,0,888,6463,0,0,0,0,0,2952,0,0,0,0,0,0,0,0,0,0,0,0,0,0,0,0,0,0,0,0,0,0,0,0,0,0,0,0,0,0,0,0,0,0,0,0,0,0,0,0,0,0,0,0,0,0,0,0,522,0,0,231,0,0,0,0
BAGR,0,0,0,0,0,0,0,0,0,0,0,0,0,0,0,0,953,4997,0,0,0,0,0,0,0,0,0,0,0,0,0,0,0,0,0,0,0,0,0,0,3948,6,0,0,0,0,0,0,0,0,0,0,0,0,0,0,0,0,1667,0,0,0,0,0,0,0,0,0,0,0,0,0,0,0,0,2494,0,0,0,0,0,0,0,0,0,0,0,0,0,0,0,0,0,0,0,0,0,0,0,0,0,0,0,0,75,0,0,0,0,0,0,0,0,0,0,0,9599,0,0,7334,3199,0,0,0,0,0,6927,0,0,0,0,0,0,0,0,0,0,0,0,0,0,0,0,0,0,0,0,0,0,0,0,0,0,0,0,0,0,0,0,0,0,0,0,0,0,0,0,0,0,1827,0,0,0,0,0,0,0,442,0,0,0,0,0
BDUL,0,0,0,0,0,0,0,0,0,0,0,0,0,0,0,0,0,0,0,0,0,0,0,0,0,0,0,0,0,0,0,0,0,0,0,0,0,0,0,0,0,0,0,0,0,0,0,0,0,0,0,0,0,0,0,0,0,0,0,0,0,0,0,0,0,0,0,0,0,578,0,0,0,0,0,0,0,0,0,0,0,0,0,0,0,0,0,0,0,0,0,0,0,0,0,0,0,0,0,0,0,0,40125,25833,0,0,297,0,1139,0,0,0,0,0,332,0,2999,22353,0,0,0,0,0,0,0,0,0,0,0,0,0,0,0,0,0,0,0,0,0,0,0,0,0,0,0,0,0,0,0,0,0,0,0,0,0,0,0,0,0,0,0,0,0,0,0,0,0,0,0,0,0,0,0,0,0,0,0,0,0,0,326,0,0
BDUR,0,0,0,0,0,0,0,0,0,0,0,0,0,0,0,0,0,0,0,0,0,0,0,0,0,0,0,0,0,0,0,0,0,0,0,0,0,0,0,0,0,0,0,0,0,0,0,0,0,0,0,0,0,0,0,0,0,0,0,0,0,0,0,0,0,0,0,0,0,0,0,0,0,0,0,0,0,0,0,0,0,0,0,0,0,0,0,0,0,0,0,0,0,0,0,0,0,0,0,0,0,0,35757,30549,0,0,0,0,2606,0,0,0,0,0,0,0,15,346,19893,0,0,0,0,0,0,0,0,0,0,0,0,0,0,0,0,0,0,0,0,0,0,0,0,0,0,0,0,0,0,0,0,0,0,0,0,0,0,0,0,0,0,0,0,0,0,0,0,0,0,0,0,0,0,0,0,0,0,0,0,0,0,0,0
CEPDL,54,0,1985,0,0,0,0,0,0,0,0,0,0,0,3211,0,312,340,0,0,0,0,51,6377,0,0,0,0,0,0,0,0,0,0,0,0,0,0,0,0,500,0,0,0,0,0,0,0,0,0,56,0,758,0,669,0,864,0,447,0,0,0,0,0,0,0,705,0,499,0,0,649,0,0,0,0,0,0,0,0,0,0,0,0,0,0,14895,0,0,0,0,0,0,0,0,0,0,0,0,0,0,0,10,822,0,0,0,0,5262,0,0,0,0,0,4576,2860,0,741,0,1670,0,0,0,0,145,580,0,0,0,0,0,0,0,0,0,0,0,0,0,0,0,0,0,0,0,0,0,0,0,0,0,0,0,0,0,0,0,0,0,0,0,0,0,0,0,0,0,7929,0,0,0,23028,0,0,0,7558,0,0,0,0,0,0,0
CEPDR,0,0,0,2125,0,0,0,0,0,0,0,0,0,0,0,5861,95,0,0,0,0,0,101,0,4089,0,0,0,0,0,0,0,0,0,0,0,0,0,0,0,0,3,0,0,0,0,0,0,0,0,0,0,0,682,0,805,0,424,352,0,0,0,0,0,0,0,0,627,0,2342,0,0,0,0,0,0,0,0,0,0,0,0,0,0,0,0,0,13889,0,0,0,0,0,0,0,0,0,0,0,0,0,0,810,834,0,0,0,0,11215,0,0,0,0,0,5547,9655,0,0,3221,0,520,0,0,0,197,611,0,0,0,0,0,0,0,0,0,0,12,0,0,0,0,0,0,0,0,0,0,0,0,0,0,0,0,0,0,0,0,0,0,0,0,0,0,0,0,0,0,0,10908,0,0,0,13521,0,0,0,6157,0,0,0,0,0,0
CEPVL,509,0,1090,0,0,0,0,0,0,0,0,0,0,0,964,0,0,1441,0,0,0,0,0,4285,0,0,0,0,0,0,0,0,0,0,0,0,0,0,0,0,587,0,0,0,0,0,0,0,0,0,0,1004,0,0,0,0,82,0,0,0,0,0,0,0,0,0,0,2149,284,0,0,0,0,0,0,0,0,0,0,0,0,0,0,0,0,0,0,0,0,0,2667,0,0,0,0,0,0,0,0,2248,0,0,0,1393,0,0,436,0,13830,0,0,0,0,0,13989,6189,1040,426,0,0,0,0,0,0,106,0,0,0,0,0,0,0,0,0,0,0,0,0,0,1327,0,0,0,0,0,0,0,0,0,0,0,0,0,0,0,0,0,0,0,0,0,0,0,0,0,0,0,0,0,571,0,2533,0,0,0,0,0,6980,0,0,0,0,0
CEPVR,0,357,0,644,0,0,0,0,0,0,0,0,0,0,0,7600,958,0,0,0,0,0,0,0,6088,0,0,0,0,0,0,0,0,0,0,0,0,0,0,0,0,0,0,0,0,0,0,0,0,0,762,272,0,0,65,0,0,74,0,0,0,0,0,0,0,0,2683,0,0,3604,0,0,0,0,0,0,0,0,0,0,0,0,0,0,0,0,0,0,0,0,0,320,0,0,0,0,0,0,163,0,0,0,427,0,0,0,0,0,18949,0,0,0,0,0,2406,6044,0,0,557,0,0,0,0,0,0,1440,0,0,0,0,0,0,0,0,0,0,0,0,0,103,0,0,0,0,0,0,0,0,0,0,0,0,0,0,0,0,0,0,0,0,0,0,0,0,0,0,0,0,0,0,268,0,810,0,0,0,0,0,2059,0,0,0,0
DVA,8769,9873,1718,4195,0,0,0,0,0,0,0,0,0,0,0,0,0,0,0,0,0,0,0,0,156,0,0,0,0,0,0,0,0,0,0,0,0,0,0,0,8787,13676,0,0,0,0,0,0,0,0,0,0,5015,8643,0,0,1984,395,0,0,0,0,0,0,0,0,2155,3304,0,0,0,0,0,0,0,0,7805,1342,0,0,0,0,0,0,1407,1908,0,0,0,0,892,1415,0,515,0,0,0,0,1549,9,0,0,0,0,7313,19149,0,0,12299,0,0,0,0,0,5641,423,11443,11,313,351,0,558,0,0,0,0,27070,1219,0,0,0,0,0,0,0,0,0,0,0,0,284,0,0,0,0,0,0,0,1727,10891,11847,0,0,0,0,0,0,0,0,0,0,0,0,0,0,0,0,0,0,2897,1518,0,0,0,0,124,0,1797,1773,6375,0,0,0
DVC,0,0,0,0,0,0,0,0,0,0,0,0,0,0,0,0,0,0,0,0,0,0,0,0,0,0,0,0,0,0,0,0,0,0,0,0,0,0,0,0,0,0,0,0,0,0,0,0,0,0,0,0,0,0,0,0,0,0,0,0,0,0,0,0,0,0,0,0,0,0,0,0,0,0,0,0,0,0,0,0,0,0,0,0,0,0,0,0,0,0,0,0,0,0,0,0,0,0,0,0,0,0,0,0,0,1124,0,0,0,0,0,0,0,0,0,0,0,0,0,34600,29111,0,0,0,0,0,0,0,0,0,0,0,0,0,0,0,234,0,603,0,0,0,0,0,0,0,0,0,0,0,0,0,0,0,0,0,0,0,0,0,0,0,0,0,0,0,0,0,0,0,0,0,0,0,0,0,0,0,0,0,0,5501,965
FLPL,3016,2370,8561,7011,0,0,0,0,0,0,0,0,0,0,0,0,0,0,0,0,0,0,0,0,0,0,0,0,0,0,0,0,0,0,0,0,0,0,0,0,0,0,0,0,0,0,0,0,0,0,0,0,0,0,0,0,3480,0,0,0,0,0,0,0,0,0,0,0,0,258,0,0,0,0,0,2766,0,6550,0,0,0,0,0,0,0,0,0,0,0,0,0,0,0,0,0,0,0,0,0,1576,0,0,0,0,0,675,0,0,0,0,0,0,0,0,3311,0,0,0,0,0,4012,0,0,0,0,0,0,0,0,0,0,0,0,0,0,0,0,0,0,0,0,0,0,0,0,0,0,0,204,0,0,0,0,0,0,0,0,0,0,0,0,0,0,0,0,0,0,0,0,0,0,0,0,0,0,0,0,0,0,159,0,0,0
FLPR,1439,2659,4171,965,0,0,0,0,0,0,0,0,0,0,0,279,0,0,0,0,0,0,0,0,0,0,0,0,0,0,0,0,0,0,0,0,0,0,0,0,0,0,0,0,0,0,0,0,0,0,0,0,5,0,0,0,334,0,0,192,0,0,0,0,0,0,0,0,0,3332,0,0,0,0,0,188,0,0,0,0,0,0,0,0,0,0,0,0,0,0,0,0,0,0,0,0,0,0,0,0,0,0,0,0,0,0,0,0,792,0,0,0,0,0,0,0,0,0,0,0,0,0,0,0,0,0,0,0,0,0,0,0,0,0,0,0,0,0,0,0,0,0,0,0,0,0,0,0,0,0,0,0,0,0,0,0,0,0,0,0,0,0,0,0,0,0,0,0,0,0,0,0,0,0,0,0,0,0,0,648,0,0,0
HSNL,204,152,0,0,0,0,1773,3212,0,0,3878,4622,0,261,2012,5836,0,0,0,0,1361,901,0,0,0,0,0,0,701,849,0,1268,0,0,0,0,8784,11290,0,0,0,0,0,79,2048,9026,166,1047,0,0,51074,40712,927,0,3085,269,0,0,0,0,4200,12058,4259,7994,0,0,0,0,361,0,0,0,0,60,0,0,0,0,0,26497,0,0,0,0,0,0,0,0,0,0,0,0,0,0,0,0,0,0,0,0,54,0,361,0,0,0,28213,16609,0,0,0,0,0,0,0,0,1816,10795,12073,0,0,0,394,649,0,0,749,0,0,0,0,0,0,0,0,0,0,0,0,0,0,0,0,0,0,0,0,0,0,0,0,0,0,0,0,0,35,0,0,0,0,2080,1733,0,0,0,0,0,0,0,0,0,0,1150,632,0,0,0,0,0,0,0,0
HSNR,0,759,0,0,1359,0,2995,4834,0,0,9373,94,142,0,4915,277,0,0,47,0,1921,0,2630,0,658,0,0,0,187,1139,0,0,0,0,0,0,2184,5116,0,0,0,0,0,0,2980,6262,1158,0,0,0,33837,27270,715,0,3451,0,0,0,0,0,6673,8444,3476,1704,0,0,0,0,0,13903,0,0,0,0,0,0,6,208,0,0,0,0,0,360,0,0,0,0,0,106,0,0,0,0,0,0,0,0,0,0,879,273,29245,16612,0,0,5314,7335,5117,0,0,0,0,0,0,72,1498,3466,18394,0,0,0,1257,1458,0,0,82,0,0,0,0,0,0,0,0,0,0,0,0,0,0,0,0,0,0,0,0,204,0,0,0,0,0,0,0,0,0,2623,0,0,0,292,563,0,0,0,0,0,0,0,0,0,0,35,0,0,0,0,0,0,0,0,0
IL1DL,0,0,255,0,0,0,0,0,0,0,0,0,0,0,662,0,847,278,0,0,0,0,737,0,0,0,0,0,0,0,0,0,0,0,0,0,0,0,0,0,137,0,0,0,0,0,0,0,0,0,0,0,297,0,86,0,0,0,649,0,0,0,0,0,0,0,761,0,755,0,7477,0,0,0,0,0,0,0,0,0,0,720,5249,0,0,0,23150,0,0,0,0,0,14067,968,16287,0,0,0,0,0,0,0,841,0,0,0,0,0,3140,0,0,0,0,0,0,0,115,120,0,1786,0,0,0,0,19046,524,0,0,0,0,0,0,0,0,0,0,3466,7415,0,1752,0,0,0,0,0,0,0,0,0,0,0,0,0,0,0,0,0,0,0,0,0,0,0,0,0,0,0,17525,0,0,0,263,0,0,0,14081,0,0,0,0,0,0,0
IL1DR,0,0,0,0,0,0,0,0,0,0,0,0,0,0,0,476,415,625,0,0,0,0,502,0,0,0,0,0,0,0,0,0,0,0,0,0,0,0,0,0,0,242,0,0,0,0,0,0,0,0,0,0,0,455,0,238,0,876,1240,0,0,0,0,0,0,0,0,1018,0,155,0,5150,0,0,0,0,0,0,0,0,0,0,0,7380,0,99,0,24572,0,0,0,0,0,18255,0,14748,0,0,0,0,0,0,304,511,0,0,0,0,4650,0,0,0,0,0,0,0,522,0,225,0,880,0,0,0,0,27152,0,0,0,0,0,0,0,0,0,0,5368,156,6082,3108,0,0,0,0,0,0,0,0,0,0,0,0,0,0,0,0,0,0,0,0,0,0,0,0,0,0,0,0,17986,0,0,0,0,0,0,0,15508,0,0,0,0,0,0
IL1L,0,0,10510,0,0,0,0,0,0,0,0,0,0,0,0,0,0,1228,0,0,0,0,305,123,0,0,0,0,0,0,0,0,0,0,0,0,0,0,0,0,0,0,0,0,0,0,0,0,0,0,0,177,0,0,0,0,0,0,0,0,0,0,0,0,0,0,188,0,0,0,332,0,0,0,0,0,0,0,0,0,0,0,0,0,0,0,0,0,0,0,0,0,16157,0,0,0,0,0,0,0,0,0,0,0,0,0,0,0,0,0,0,0,0,0,30,0,0,0,0,0,0,0,0,0,752,0,0,0,0,0,0,0,0,0,0,0,934,539,37232,83,0,0,0,0,0,0,0,0,0,0,0,0,0,0,0,0,0,0,0,0,0,0,0,0,0,0,0,293,0,3874,0,20049,0,0,0,0,0,0,0,0,0,0,0
IL1R,0,0,0,7329,0,0,0,0,0,0,0,0,0,0,0,0,15,0,0,0,0,0,1214,0,201,0,0,0,0,0,0,0,0,0,0,0,0,0,0,0,0,0,0,0,0,0,0,0,0,0,158,0,0,0,0,0,0,0,0,0,0,0,0,0,0,0,0,505,0,0,0,1054,0,0,0,0,0,0,0,0,0,0,0,0,0,0,0,0,0,0,0,0,0,20470,0,0,0,0,0,0,0,0,0,0,0,0,0,0,0,0,0,0,0,0,0,96,0,0,0,0,0,0,0,0,0,0,0,0,0,0,0,0,0,0,0,0,1564,44158,1170,1442,0,0,0,0,0,0,0,0,0,0,0,0,0,0,0,0,0,0,0,0,0,0,0,0,0,0,0,0,1730,0,4647,0,16150,0,0,0,0,0,0,0,0,0,0
IL1VL,501,0,676,0,0,0,0,0,0,0,0,0,0,0,0,0,0,0,0,0,0,0,0,0,0,0,0,0,0,0,0,0,0,0,0,0,0,0,0,0,0,0,0,0,0,0,0,0,0,0,0,0,0,0,0,0,0,0,815,0,0,0,0,0,0,0,0,0,0,0,0,0,7258,0,0,492,0,0,0,0,0,0,6707,0,0,0,0,0,0,0,18825,0,16754,84,0,0,9598,0,0,0,0,0,0,0,0,0,0,0,5232,0,0,0,0,0,578,523,195,0,0,1439,0,0,0,0,17632,0,0,0,0,0,0,0,0,0,0,0,1516,15858,0,4845,0,0,0,0,0,0,0,0,0,0,0,0,0,0,0,0,0,0,0,0,0,0,0,0,0,0,0,0,0,11127,0,0,0,0,0,0,0,9440,0,0,0,0,0
IL1VR,0,22,0,0,0,0,0,0,0,0,0,0,0,0,0,0,0,0,0,0,0,0,0,0,0,0,0,0,0,0,0,0,0,0,0,0,0,0,0,0,0,0,0,0,0,0,0,0,0,0,0,0,0,0,0,0,0,0,167,0,0,0,0,0,0,0,0,0,0,0,0,0,0,4908,0,405,0,0,0,0,0,0,0,12341,0,0,0,0,0,0,0,20096,0,21567,0,0,0,9970,0,0,0,0,0,0,0,0,0,0,5369,0,0,0,0,0,235,0,0,0,0,0,497,0,0,0,0,22121,0,0,0,0,0,0,0,0,0,0,1521,689,13484,1787,0,0,0,0,0,0,0,0,0,0,0,0,0,0,0,0,0,0,0,0,0,0,0,0,0,0,0,0,0,0,10099,0,0,0,0,0,0,0,9230,0,0,0,0
IL2DL,785,0,0,0,0,0,0,0,0,0,0,0,0,0,0,0,1134,916,0,0,0,0,0,0,0,0,0,0,0,0,0,0,0,0,0,0,0,0,0,0,530,0,0,0,0,0,0,0,0,0,0,0,0,0,0,0,256,82,441,0,0,0,0,0,0,0,786,0,1059,0,0,0,0,0,0,0,0,0,0,0,0,0,0,0,0,0,0,0,0,0,0,0,0,0,0,0,0,0,0,0,0,0,283,98,0,0,0,0,392,0,0,0,0,0,1707,429,377,536,0,1268,0,0,0,0,21367,0,0,0,0,0,0,0,0,0,0,0,4518,6322,5425,1588,0,0,0,0,0,0,0,0,0,0,0,0,0,0,0,0,0,0,0,0,0,0,0,0,0,0,0,11274,0,0,0,0,0,0,0,4724,0,0,0,0,0,0,0
IL2DR,0,1140,0,0,0,0,0,0,0,0,0,0,0,0,0,0,664,1314,0,0,0,0,0,0,0,0,0,0,0,0,0,0,0,0,0,0,0,0,0,0,0,1104,0,0,0,0,0,0,0,0,0,0,0,0,0,0,0,500,720,0,0,0,0,0,0,0,0,1235,0,626,0,0,0,0,0,0,0,0,0,0,0,0,0,0,0,0,0,0,0,0,0,0,0,0,0,0,0,0,0,0,0,0,378,216,0,0,0,0,686,0,0,0,0,0,633,1824,502,0,508,0,727,0,0,0,376,23106,0,0,0,0,0,0,0,0,0,0,2789,3238,3501,1569,0,0,0,0,0,0,0,0,0,0,0,0,0,0,0,0,0,0,0,0,0,0,0,0,0,0,0,0,9173,0,0,0,0,0,0,0,3526,0,0,0,0,0,0
IL2L,0,0,12673,0,0,0,0,0,0,0,0,0,0,0,0,0,0,0,0,0,0,0,682,0,0,0,0,0,0,1074,0,0,0,0,727,0,1203,0,0,0,0,0,0,0,0,0,0,0,273,0,0,7,0,0,0,0,0,0,0,0,0,0,0,0,191,584,0,0,0,0,0,0,0,0,0,0,0,0,0,0,643,0,11743,0,877,0,95,0,0,0,675,0,5796,0,8676,0,5694,0,0,0,0,0,0,0,0,0,0,0,0,0,0,0,0,0,1346,446,0,0,0,0,0,9270,0,0,179,0,0,0,0,0,0,0,1985,673,0,0,7992,344,33234,9592,0,0,0,0,0,0,0,0,0,0,0,0,0,124,0,0,0,0,0,0,0,1908,0,0,0,0,0,8932,0,9472,0,7409,0,0,0,0,0,0,0,0,0,0,0
IL2R,0,60,0,4507,0,0,0,0,0,0,0,0,0,0,0,0,0,0,0,0,0,0,680,0,192,0,0,0,0,14,0,0,0,0,0,1049,0,677,0,0,0,0,0,0,0,0,0,0,0,211,0,0,0,0,0,0,0,0,0,0,0,0,0,0,379,222,0,0,0,0,0,0,0,0,0,0,0,0,0,0,0,196,0,12354,0,4153,0,578,0,0,0,252,0,9229,0,8504,0,10311,0,0,0,0,0,0,0,0,0,0,0,0,0,0,0,0,0,2530,0,0,0,0,0,10805,0,0,0,307,0,0,0,0,0,0,1076,1570,709,0,12550,43170,2136,7742,0,0,0,0,160,0,0,0,0,0,0,0,0,0,0,0,0,0,0,0,0,0,828,0,0,0,0,0,5069,0,8972,0,7730,0,0,0,0,0,0,0,0,0,0
IL2VL,1236,0,0,0,0,0,0,0,0,0,0,0,0,0,0,0,0,0,0,0,0,0,0,0,0,0,0,0,0,0,0,0,0,0,0,0,0,0,0,0,0,0,0,0,0,0,0,0,0,0,0,0,0,0,0,0,0,0,0,0,0,0,0,0,0,0,0,2223,0,0,0,0,0,0,0,111,0,0,0,0,0,0,0,0,0,0,0,0,0,0,0,0,0,0,0,0,0,0,0,0,0,0,0,0,0,0,0,0,0,0,0,0,0,0,1748,392,134,0,0,156,0,0,0,0,22827,0,0,0,0,0,0,0,0,0,0,0,2036,3292,6697,2721,0,0,0,0,0,0,0,0,0,0,0,0,0,0,0,0,0,0,0,0,0,0,0,0,0,0,0,0,0,14062,0,0,0,0,0,0,0,79,0,0,0,0,0
IL2VR,0,637,0,0,0,0,0,0,0,0,0,0,0,0,0,0,0,0,0,0,0,0,0,0,0,0,0,0,0,0,0,0,0,0,0,0,0,0,0,0,0,0,0,0,0,0,0,0,0,0,0,0,0,0,0,0,0,0,166,0,0,0,0,0,0,0,0,0,0,0,0,0,0,0,0,1723,0,0,0,0,0,0,0,0,0,0,0,0,0,0,0,0,0,0,0,0,0,0,0,0,0,0,0,0,0,0,0,0,0,0,0,0,0,0,1094,137,0,0,0,0,300,0,0,0,0,24243,0,0,0,0,0,0,0,0,0,0,1000,7084,3250,4744,0,0,0,0,0,0,0,0,0,0,0,0,0,0,0,0,0,0,0,0,0,0,0,0,0,0,0,0,0,0,15477,0,0,0,0,0,0,0,1222,0,0,0,0
OLLL,0,0,15142,0,0,0,0,0,0,0,0,0,0,0,0,0,0,231,0,0,0,0,811,0,0,1185,0,0,0,0,0,0,0,0,0,0,0,0,0,0,0,0,0,0,0,0,0,0,0,0,0,0,0,0,92,0,0,0,0,0,0,0,0,0,0,0,592,0,0,0,10009,0,13509,0,0,904,0,0,0,0,0,0,0,0,0,0,0,0,0,0,0,0,0,5263,0,0,0,0,0,0,0,0,0,0,0,0,0,0,0,0,0,0,0,0,0,0,0,0,0,11668,0,0,0,0,0,0,0,0,0,0,0,0,0,0,0,0,3677,11934,22,3096,0,0,0,0,0,0,0,0,0,0,0,0,0,0,0,0,0,0,0,0,0,0,0,0,0,0,0,0,0,0,0,12407,0,0,0,956,0,1721,0,0,0,0,0
OLLR,0,4,0,2218,0,0,0,0,0,0,0,0,0,0,0,0,549,0,0,0,0,0,431,0,246,0,1196,0,0,0,0,0,0,0,0,0,0,0,0,0,0,0,0,0,0,0,0,0,0,0,0,0,0,0,0,0,0,0,0,0,0,0,0,0,0,0,0,159,0,0,0,15100,0,19344,0,49,0,0,0,0,0,0,0,0,0,0,0,0,0,0,0,0,0,0,0,0,0,0,0,0,0,0,0,0,0,0,0,0,0,0,0,0,0,0,0,0,0,0,0,0,8246,0,0,0,0,0,0,0,0,0,0,0,0,0,0,0,8410,3443,12430,6757,0,0,0,0,0,0,0,0,0,0,0,0,0,0,0,0,0,0,0,0,0,0,0,0,0,0,0,0,0,0,0,0,16304,0,0,0,802,0,1756,0,0,0,0
OLQDL,22,0,0,0,0,0,0,0,0,0,0,0,0,0,118,0,645,104,0,0,0,0,369,0,0,0,0,0,0,0,0,0,0,0,0,0,0,0,0,0,0,0,0,0,0,0,0,0,0,0,0,0,311,0,274,0,0,0,739,0,0,0,0,0,0,0,624,0,0,0,6359,0,0,0,0,0,0,0,0,0,0,0,0,0,0,0,12130,0,0,0,0,0,1298,0,0,0,103,0,0,0,0,0,0,0,0,0,0,0,0,0,0,0,0,0,1522,2356,737,0,0,2655,0,0,0,0,2002,0,0,0,0,0,0,0,0,0,0,0,626,2277,0,2666,0,0,0,0,0,0,0,0,0,0,0,0,0,0,0,0,0,0,0,0,0,0,0,0,0,0,0,1474,0,121,0,2011,0,0,0,12079,0,0,0,0,0,0,0
OLQDR,0,426,0,0,0,0,0,0,0,0,0,0,0,0,0,980,308,167,0,0,0,0,579,0,0,0,0,0,0,0,0,0,0,0,0,0,0,0,0,0,0,0,0,0,0,0,0,0,0,0,0,0,0,189,0,59,0,914,1557,0,0,0,0,0,0,0,0,667,0,340,0,8078,0,0,0,0,0,0,0,0,0,0,0,0,0,0,0,14398,0,0,0,0,0,61,0,0,0,285,0,0,0,0,0,0,0,0,0,0,0,0,0,0,0,0,2887,3934,692,0,329,0,1512,0,0,0,0,528,0,0,0,0,0,0,0,0,0,0,1174,0,502,2863,0,0,0,0,0,0,0,0,0,0,0,0,0,0,0,0,0,0,0,0,0,0,0,0,0,0,0,0,2362,0,0,0,1634,0,0,0,12813,0,0,0,0,0,0
OLQVL,269,0,0,0,0,0,0,0,0,0,0,0,0,0,0,0,0,412,0,0,0,0,0,0,0,0,0,0,0,0,0,0,0,0,0,0,0,0,0,0,330,0,0,0,0,0,0,0,0,0,0,0,0,215,0,177,345,0,1842,0,0,0,0,0,0,0,0,185,0,0,0,0,4924,0,0,1061,0,0,0,0,0,0,0,0,0,0,0,0,0,0,9496,0,4327,0,0,0,0,0,0,0,0,0,0,0,0,0,0,0,122,0,0,0,0,0,3425,175,776,0,0,1879,0,0,0,0,2863,0,300,0,0,0,0,0,0,0,0,0,0,5624,0,1935,0,0,0,0,0,0,0,0,0,0,0,0,0,0,0,0,0,0,0,0,0,0,0,0,0,0,0,0,0,3219,0,508,0,0,0,0,0,6396,0,0,0,0,0
OLQVR,0,142,0,0,0,0,0,0,0,0,0,0,0,0,0,0,0,0,0,0,0,0,0,0,0,0,0,0,0,0,0,0,0,0,0,0,0,0,0,0,0,133,0,0,0,0,0,0,0,0,0,0,218,0,194,0,274,1027,1210,0,0,0,0,0,0,0,255,0,0,0,0,0,0,3974,0,960,0,0,0,0,0,0,0,0,0,0,0,0,0,0,0,9195,0,2763,0,0,0,0,2030,0,0,0,0,0,0,0,0,0,0,0,0,0,0,0,73,2021,0,0,203,0,1867,0,0,0,0,2084,0,0,0,0,0,0,0,0,0,0,0,0,5530,4793,0,0,0,0,0,0,0,0,0,0,0,0,0,0,0,0,0,0,0,0,0,0,0,0,0,0,0,0,0,0,1667,0,906,0,0,0,0,0,8186,0,0,0,0
PLNL,0,0,0,0,0,0,0,0,0,0,0,0,0,0,0,0,0,0,0,0,0,0,0,0,0,0,0,0,0,0,0,0,0,0,0,0,0,0,0,0,0,0,0,0,0,0,0,0,0,0,0,0,0,0,0,0,0,0,0,0,0,0,0,0,0,0,0,0,0,0,0,0,0,0,0,0,0,0,0,0,0,0,0,0,0,0,0,0,0,0,0,0,0,0,0,0,0,0,0,0,0,0,0,0,0,0,0,0,4,0,0,0,0,0,0,0,0,0,0,0,0,0,0,0,0,0,0,0,0,0,0,0,0,0,0,0,0,0,0,0,0,0,0,0,0,0,0,0,307,0,0,0,0,0,0,0,0,0,0,0,0,0,0,0,0,0,0,0,0,0,0,0,0,0,0,0,0,0,0,0,0,0,0
PLNR,0,0,0,0,0,0,0,0,0,0,0,0,0,0,0,0,0,0,0,0,0,0,0,0,0,0,0,0,0,0,0,0,0,0,0,0,0,0,0,0,0,0,0,0,0,0,0,0,0,0,0,0,0,0,0,0,0,0,0,0,0,0,0,0,0,0,0,0,0,0,0,0,0,0,0,0,0,0,0,0,0,0,0,0,0,0,0,0,0,0,0,0,0,0,0,0,0,0,0,0,0,0,0,0,0,0,0,0,0,0,0,0,0,0,0,0,0,0,0,0,0,0,0,0,0,0,0,0,0,0,0,0,0,0,0,0,0,0,0,513,0,0,0,0,0,0,0,0,0,0,0,0,0,0,0,0,0,0,0,0,0,0,0,0,0,0,0,0,0,0,0,0,0,0,0,0,0,0,0,6,0,0,0
PVCL,367,522,0,0,0,0,0,0,0,0,0,0,0,0,0,630,0,0,0,650,0,0,0,16962,0,0,0,12815,0,0,0,0,0,0,0,0,0,0,0,0,0,0,0,0,0,0,0,0,748,3346,0,677,916,1080,9354,13277,0,0,0,14570,0,0,0,0,0,0,295,451,1980,33,0,0,913,0,8942,0,206,10969,0,0,0,0,0,0,0,0,0,0,0,0,6,0,0,0,0,0,0,896,0,0,0,26748,616,2894,4299,12549,0,993,2114,0,0,0,0,0,0,0,21631,0,1041,0,471,2659,1577,0,109,1157,42,5411,1330,0,0,0,0,0,0,0,0,0,0,0,0,0,0,0,0,0,0,0,0,610,0,0,0,56,1936,2928,83,4025,4581,0,229,0,6380,0,0,369,0,0,0,276,0,0,0,0,0,0,0,0,1717,0,0,0,0
PVCR,0,201,0,0,0,327,0,0,0,0,0,0,0,0,0,441,0,0,0,806,0,0,0,4785,7770,0,0,20892,0,0,0,0,0,0,0,0,0,9,0,0,0,0,0,0,0,0,0,0,3407,1273,0,179,4587,921,18689,7185,0,0,0,14466,0,0,0,0,0,0,0,1217,7,4089,0,0,0,355,13280,0,2263,8633,0,0,0,0,0,0,196,0,0,0,0,0,54,0,0,0,0,0,147,0,0,0,0,0,557,3402,8747,18306,0,96,429,0,0,0,0,0,2877,0,13529,140,712,0,0,0,0,0,0,0,0,2327,0,809,0,0,0,0,0,283,0,0,0,0,0,0,0,0,0,0,0,0,0,0,333,0,0,0,427,1567,2189,8502,14225,0,74,2574,2090,0,0,0,0,0,0,77,0,0,0,0,0,0,0,248,0,0,0,0,0
PVNL,0,0,0,0,0,0,0,0,0,0,0,0,0,0,0,0,0,0,0,0,0,0,0,0,0,0,0,0,0,0,0,0,0,0,0,0,0,0,0,0,0,0,0,0,0,0,0,0,0,0,0,0,0,0,0,0,0,0,0,0,0,0,0,0,0,0,0,0,0,0,0,0,0,0,0,0,0,0,0,0,0,0,0,0,0,0,0,0,0,0,0,0,0,0,0,0,0,0,0,0,0,0,0,80146,0,0,0,6371,14670,0,0,0,0,0,449,0,2971,2378,5500,0,0,0,0,0,0,0,0,0,0,0,0,0,0,0,0,0,0,0,0,0,0,0,0,0,0,0,0,0,0,0,0,0,0,0,0,0,0,0,0,0,0,0,0,0,0,0,0,0,0,0,0,0,65,0,0,0,0,0,0,1546,0,0,0
PVNR,0,0,0,0,0,0,0,0,0,0,0,0,0,0,0,0,0,0,0,0,0,0,0,0,0,0,0,0,0,0,0,0,0,0,0,0,0,0,0,0,0,0,0,0,0,0,0,0,0,0,0,0,0,0,0,0,0,0,0,0,0,0,0,0,0,0,0,0,0,0,0,0,0,0,0,0,0,0,0,0,0,0,0,0,0,0,0,0,0,0,0,0,0,0,0,0,0,0,0,0,0,0,0,0,0,0,0,7355,7284,0,0,0,0,0,0,0,0,6584,9725,0,0,0,0,0,0,0,0,0,0,0,0,0,0,0,0,0,0,0,0,0,0,0,0,0,0,0,0,0,0,0,0,0,0,0,0,0,0,0,0,0,0,0,0,0,0,0,0,0,0,0,0,76,0,0,0,0,0,0,0,0,0,0,0
PVPL,0,0,0,0,0,0,0,0,0,0,0,0,0,0,0,0,0,0,0,0,0,0,0,0,0,0,0,0,0,0,0,0,0,0,0,0,0,0,0,0,0,0,0,0,0,0,0,0,0,0,0,0,0,0,0,0,0,0,0,0,0,0,0,0,0,0,0,0,0,0,0,0,0,0,0,0,0,0,0,0,0,0,0,0,0,0,0,0,0,0,0,0,0,0,0,0,0,0,0,0,0,0,0,0,0,2724,0,0,0,0,0,0,0,0,0,0,439,16704,680,5815,0,0,0,0,0,0,10887,0,0,0,0,0,0,0,0,0,0,0,0,0,0,0,0,0,0,0,0,0,0,0,0,0,0,0,0,0,0,0,0,0,0,0,0,0,0,0,0,0,0,0,0,0,0,0,0,0,0,0,0,0,0,0,0
PVPR,0,0,0,0,0,0,0,0,0,0,0,0,0,0,0,0,0,0,0,0,0,0,0,0,0,0,0,0,0,0,0,0,0,0,0,0,0,0,0,0,0,0,0,0,0,0,0,0,0,0,0,0,0,0,0,0,0,0,0,0,0,0,0,0,0,0,0,0,0,0,0,0,0,0,0,0,0,0,0,0,0,0,0,0,0,0,0,0,0,0,0,0,0,0,0,0,0,0,0,0,0,0,0,0,0,0,0,0,0,0,0,0,0,0,15,0,78,555,11754,0,3610,0,0,0,0,0,6679,0,0,0,0,0,0,0,0,0,0,0,0,0,0,0,0,0,0,0,0,0,0,0,0,0,0,0,0,0,0,0,0,0,0,0,0,0,0,0,0,0,0,0,0,0,0,0,0,0,0,0,0,0,0,0,0
PVR,0,0,0,0,0,0,0,0,0,0,0,0,0,0,0,0,0,0,0,0,0,0,0,0,0,0,0,0,0,0,0,0,0,0,0,0,0,0,0,0,0,0,0,0,0,0,0,0,0,0,0,0,0,0,0,0,0,0,0,0,0,0,0,0,0,0,0,0,0,0,0,0,0,0,0,0,0,0,0,0,0,0,0,0,0,0,0,0,0,0,0,0,0,0,0,0,0,0,0,0,0,0,0,0,0,0,0,0,0,0,0,0,0,0,0,2954,186,0,170,0,0,0,0,0,15119,18769,0,0,0,0,0,0,0,0,0,0,0,0,0,0,0,0,0,0,0,0,0,0,550,0,0,0,0,0,0,0,0,0,0,0,0,0,0,0,0,0,0,0,0,0,0,333,565,0,0,0,0,0,0,0,0,0,0
PVT,0,0,0,0,0,0,0,0,0,0,0,0,0,0,0,0,0,0,0,0,0,0,0,0,0,0,0,0,0,0,0,0,0,0,0,0,0,0,0,0,0,0,0,0,0,0,0,0,0,0,0,0,1246,0,0,0,54480,44713,43786,0,0,0,0,0,0,0,4642,2465,0,0,540,688,0,0,0,84313,0,0,0,0,470,829,0,0,1234,767,428,487,0,0,446,548,0,215,248,1538,990,1282,0,0,0,0,0,0,0,1311,0,0,0,0,0,0,0,0,0,0,2231,0,0,19423,16463,3525,0,0,0,0,1714,0,0,0,0,0,0,0,0,0,3905,80,4909,19567,15596,21042,0,0,0,0,0,0,0,0,0,0,0,0,0,0,0,0,0,0,0,0,0,0,0,0,0,0,0,1360,1108,0,0,0,0,482,734,1827,1441,0,0,4377,144
RIAL,602,0,1540,0,24707,0,0,0,97,0,0,0,0,0,0,0,0,2710,0,0,0,0,0,0,0,483,0,2667,0,0,0,0,0,0,0,0,0,0,0,0,13404,0,0,0,0,0,0,0,0,1050,0,0,0,247,0,0,0,0,0,0,114,0,0,0,0,0,0,25964,0,0,6273,4517,8952,104,762,0,451,115,0,0,0,0,1086,1011,64,0,0,0,0,0,765,0,107,0,0,0,245,0,0,0,0,0,0,0,124,0,0,0,0,0,0,0,17844,0,4,208,0,862,0,1768,0,12068,7107,0,0,0,12526,239,7900,4304,46047,30687,31683,37232,39264,31717,0,0,0,0,1534,0,0,0,3059,0,727,0,0,546,837,2056,6,742,2887,2121,0,2499,0,4958,28,5193,662,21372,23353,18157,28272,0,0,0,0,0,0,0,0,0,0,1270,0,295,0,0,0
RIAR,0,577,0,776,0,38347,0,0,0,0,0,0,0,0,0,0,2163,0,0,0,0,0,0,0,0,0,0,3238,1648,0,0,0,0,0,0,0,0,0,0,0,0,16548,0,0,0,0,0,0,4470,0,0,0,0,0,0,0,0,2,0,0,0,187,0,0,0,0,25084,0,0,0,473,2047,0,8863,3008,121,0,0,0,0,0,0,490,1177,0,172,0,0,0,0,0,1323,0,0,0,0,0,126,0,0,0,0,0,0,0,1699,0,0,0,0,80607,0,0,9208,137,0,0,0,251,0,5231,16411,0,6053,0,0,3998,0,3204,8705,41552,59863,35156,32566,30057,41450,0,0,0,0,195,384,0,0,0,3628,160,3039,0,566,2381,596,5069,3761,2609,0,887,181,3910,282,2624,434,2017,25387,23298,30891,23010,0,0,0,262,0,0,0,0,0,0,0,1260,0,0,0,0
RIBL,0,0,0,0,3936,0,0,0,781,0,0,0,0,0,0,0,5392,24975,0,0,0,0,0,0,0,0,0,220,586,0,0,0,0,0,0,0,906,0,0,0,56792,1190,0,0,0,0,0,0,3235,24864,0,0,0,0,0,0,3490,935,2974,0,238,0,0,0,0,0,10155,39164,0,0,2817,0,4761,0,0,2788,0,0,0,0,868,0,669,0,23,0,270,0,0,0,0,0,21681,237,2811,0,3554,0,0,0,0,0,0,0,0,0,0,0,0,2292,0,0,0,0,0,0,1240,0,0,1632,0,9275,14509,555,0,0,0,18199,979,0,10,0,325,3608,0,0,3834,4069,0,1937,0,374,0,0,0,205,0,0,0,0,0,2675,1034,1086,0,262,0,2498,629,1491,0,0,0,1883,11148,2039,6098,127,0,24,0,0,0,0,0,19307,0,24447,0,0,0,0,0
RIBR,0,0,0,0,0,3721,0,0,0,998,0,0,0,0,0,0,30693,867,0,0,0,0,0,0,0,0,0,887,46,631,0,0,0,0,0,0,0,1771,0,0,269,51420,0,0,0,0,0,0,14706,6629,0,0,0,0,0,0,0,2239,3952,0,0,159,0,0,0,0,38021,16890,0,0,0,1506,0,895,6186,4910,0,0,0,0,0,746,0,1170,0,0,0,629,0,0,0,0,329,23247,0,782,0,2685,0,0,0,0,0,0,0,0,0,0,0,1795,0,0,2729,0,82,0,261,0,0,0,3591,11639,228,15930,0,0,0,30054,0,1277,0,108,2570,0,0,966,8282,0,3544,1530,6507,0,0,0,0,0,0,0,0,0,0,0,2875,0,1218,0,3249,0,3274,0,2737,0,0,3749,1077,5026,1747,0,0,0,612,0,0,0,0,0,12290,0,15248,0,0,0,0
RICL,0,0,0,0,0,0,0,0,0,0,0,0,0,0,0,0,0,0,0,0,0,0,0,0,0,0,0,0,0,0,0,0,0,0,0,0,0,0,0,0,0,0,0,0,0,0,0,0,0,0,0,0,0,0,0,0,0,0,0,0,0,0,0,0,0,0,0,0,0,0,0,0,0,0,0,0,0,0,0,0,0,0,0,0,0,0,0,0,0,0,0,0,0,0,0,0,0,0,0,0,0,0,0,0,0,0,0,0,0,0,0,0,0,0,0,29195,4291,0,0,0,0,0,0,0,979,341,0,0,0,0,0,0,0,0,0,0,0,0,0,0,0,0,0,0,0,0,0,0,0,0,0,0,0,0,0,0,0,0,0,0,0,0,0,0,0,0,0,0,0,0,0,8660,9049,0,0,0,0,0,0,0,643,0,0
RICR,0,0,0,0,0,0,0,0,0,0,0,0,0,0,0,0,0,0,0,0,0,0,0,0,0,0,0,0,0,0,0,0,0,0,0,0,0,0,0,0,0,0,0,0,0,0,0,0,0,0,0,0,0,0,0,0,0,0,0,0,0,0,0,0,0,0,0,0,0,0,0,0,0,0,0,0,0,0,0,0,0,0,0,0,0,0,0,0,0,0,0,0,0,0,0,0,0,0,0,0,0,0,0,0,0,0,0,0,0,0,0,0,0,0,0,0,2773,0,0,0,0,0,0,0,578,1146,0,0,0,0,0,0,0,0,0,0,0,0,0,0,0,0,0,0,0,0,0,0,1325,0,0,0,0,0,0,0,0,0,0,0,0,0,0,0,0,0,0,0,0,0,0,4725,14093,0,0,0,0,0,0,0,0,0,0
RID,0,0,0,0,0,0,0,0,0,0,0,0,0,0,0,0,0,0,0,0,0,0,0,0,0,0,0,0,0,0,0,0,0,0,0,0,0,0,0,0,0,0,0,0,0,0,0,0,0,0,0,0,0,0,0,0,0,0,0,0,0,0,0,0,0,0,0,0,0,0,0,0,0,0,0,0,0,0,0,0,0,0,0,0,0,0,0,0,0,0,0,0,0,0,0,0,0,0,0,0,0,0,0,0,0,0,4112,0,0,0,0,0,0,0,0,0,0,935,1035,3549,4554,0,0,0,1011,0,0,0,0,0,0,0,0,0,0,0,1721,0,0,847,0,0,0,0,0,0,0,0,0,0,0,0,0,0,0,0,0,0,0,0,0,0,0,0,0,0,0,0,0,0,0,9,0,0,0,0,0,0,0,0,0,0,0
RIFL,0,0,0,0,0,0,0,0,0,0,0,0,0,0,0,0,0,0,0,0,0,0,0,0,0,0,0,0,0,0,0,0,0,0,0,0,0,0,0,0,0,0,0,0,0,0,0,0,0,0,0,0,0,0,0,0,0,0,0,0,0,0,0,0,0,0,0,0,0,0,0,0,0,0,0,0,0,0,0,0,0,0,0,0,0,0,0,0,0,0,0,0,0,0,0,0,0,0,0,0,0,0,0,0,0,0,3868,0,0,0,0,0,0,0,0,0,0,0,718,0,0,0,0,0,0,0,766,0,0,0,0,0,0,0,0,0,0,0,0,0,0,0,0,0,0,0,0,0,0,0,0,0,0,0,0,0,0,0,0,0,0,0,0,0,0,0,0,0,0,0,0,0,0,0,0,0,0,0,0,0,0,0,0
RIFR,0,0,0,0,0,0,0,0,0,0,0,0,0,0,0,0,0,0,0,0,0,0,0,0,0,0,0,0,0,0,0,0,0,0,0,0,0,0,0,0,0,0,0,0,0,0,0,0,0,0,0,0,0,0,0,0,0,0,0,0,0,0,0,0,0,0,0,0,0,0,0,0,0,0,0,0,0,0,0,0,0,0,0,0,0,0,0,0,0,0,0,0,0,0,0,0,0,0,0,0,0,0,0,0,0,0,0,10331,0,0,0,0,0,0,0,0,0,0,0,0,0,0,0,0,0,628,0,0,0,0,0,0,0,0,0,0,0,0,0,0,0,0,0,0,0,0,0,0,0,0,0,0,0,0,0,0,0,0,0,0,0,0,0,0,0,0,0,0,0,0,0,0,0,0,0,0,0,0,0,0,0,0,0
RIGL,0,0,0,0,0,0,0,0,0,0,0,0,0,0,0,0,0,0,0,0,0,0,0,0,0,0,0,0,0,0,0,0,0,0,0,0,0,0,0,0,0,0,0,0,0,0,0,0,0,0,0,0,0,0,0,0,0,0,0,0,0,0,0,0,0,0,0,0,0,0,0,0,0,0,0,0,0,0,0,0,0,0,0,0,0,0,0,0,0,0,0,0,0,0,0,0,0,0,0,0,0,0,0,0,0,0,0,0,0,0,0,0,0,0,0,0,0,0,0,0,18803,0,0,0,0,0,9832,0,0,0,0,0,0,0,0,0,0,0,0,3055,0,0,0,0,0,0,0,0,0,0,0,0,0,0,0,0,0,0,0,0,0,0,0,0,0,0,0,0,0,0,0,0,0,0,0,0,0,0,0,1132,0,0,0
RIGR,0,0,0,0,0,0,0,0,0,0,0,0,0,0,0,0,0,0,0,0,0,0,0,0,0,0,0,0,0,0,0,0,0,0,0,0,0,0,0,0,0,0,0,0,0,0,0,0,0,0,0,0,0,0,0,0,0,0,0,0,0,0,0,0,0,0,0,0,0,0,0,0,0,0,0,0,0,0,0,0,0,0,0,0,0,0,0,0,0,0,0,0,0,0,0,0,0,0,0,0,0,0,0,0,0,0,0,0,0,0,0,0,0,0,0,0,0,0,0,0,0,0,0,0,0,0,3967,0,0,0,0,0,0,0,0,0,1398,0,614,3721,0,0,0,0,0,0,0,0,0,0,0,0,0,0,0,0,0,0,0,0,0,0,0,0,0,0,0,0,0,0,0,0,0,0,0,0,0,0,0,0,0,2874,0
RIH,0,0,15901,6222,0,0,0,0,0,0,0,0,0,0,3943,0,0,0,0,0,0,0,0,0,0,0,0,0,0,0,0,0,0,0,0,0,0,0,0,0,583,1748,0,0,0,0,0,0,0,0,0,0,0,0,0,0,0,2041,1387,360,0,0,0,0,0,0,494,2516,0,0,4654,3028,3543,5930,0,25,3108,5859,0,0,465,112,0,0,977,4621,1454,4076,0,0,7673,10848,0,359,17007,19056,17645,28521,0,0,0,0,0,0,0,0,0,0,0,0,0,0,0,0,0,0,0,0,0,4595,7896,0,0,0,14531,22976,31165,0,0,0,0,0,0,0,0,0,16833,9215,6997,28219,3085,6247,0,0,0,0,0,0,0,0,0,0,0,0,0,0,0,0,0,0,0,0,0,0,0,0,0,2593,673,4371,3814,0,0,0,0,3551,0,4851,15014,783,0,0,0
RIML,20061,0,0,0,24,0,0,0,0,0,0,0,0,0,0,0,0,234,0,0,0,0,0,0,0,0,1484,0,0,0,0,0,0,0,0,0,38,0,0,0,2854,0,0,0,0,0,0,0,6078,5768,3780,783,0,1832,0,998,27000,14711,97,462,0,0,0,0,0,0,379,170,0,0,0,676,0,0,1926,0,1865,243,0,0,0,0,0,0,0,0,0,0,0,0,0,0,127,408,0,0,0,0,0,0,0,0,634,3344,754,0,0,0,0,0,0,0,0,0,2774,3319,97,37132,0,8004,132,0,0,0,0,0,530,4553,6935,0,0,0,0,0,0,0,0,0,0,657,13925,10472,0,0,0,0,0,0,0,0,0,9700,918,452,0,1038,86,4433,1217,2810,0,0,0,8930,30891,13584,10633,0,0,0,0,0,0,0,0,173,0,1861,0,12527,0,0,0
RIMR,333,26231,0,0,0,2570,0,0,0,0,0,0,0,0,0,0,514,0,0,0,0,0,0,0,0,1580,0,168,0,0,0,0,0,0,0,0,0,0,0,0,0,2741,0,0,0,0,0,0,7146,8015,0,40,1429,0,5112,0,8627,23136,0,0,0,16,0,0,0,0,8,1097,0,81,1138,0,252,0,5262,18,162,0,0,0,0,0,0,0,0,0,0,0,0,0,0,0,492,60,0,0,0,0,0,0,0,0,304,1588,0,1578,0,0,0,0,0,0,0,0,4750,1074,0,0,35836,4111,3283,0,4347,0,0,0,0,5732,133,5147,0,0,0,0,0,0,107,0,0,0,9489,12848,0,0,0,0,0,0,0,0,764,372,7146,0,867,231,1385,1051,1537,0,225,0,0,18753,13855,13161,10881,0,0,0,0,0,0,0,0,0,0,0,0,85,0,0,0
RIPL,0,0,0,0,0,0,0,0,0,0,0,0,0,0,0,0,0,0,0,0,0,0,0,0,0,0,0,0,0,0,0,0,0,0,0,0,0,0,0,0,0,0,0,0,0,0,0,0,0,0,0,0,0,0,0,0,0,0,0,0,0,0,0,0,0,0,0,0,0,0,0,0,0,0,0,0,0,0,0,0,0,0,0,0,0,0,0,0,0,0,0,0,0,0,0,0,0,0,0,0,0,0,0,0,0,0,0,0,0,0,0,0,0,0,0,0,0,0,0,0,0,0,0,0,0,11743,0,0,0,0,0,0,0,0,0,0,4536,7297,2793,1851,0,0,0,0,0,0,0,0,0,0,0,0,0,0,0,0,0,0,0,0,0,0,0,0,0,0,0,0,0,0,0,700,0,0,0,0,0,0,0,0,0,0,0
RIPR,0,0,0,0,0,0,0,0,0,0,0,0,0,0,0,0,0,0,0,0,0,0,0,0,0,0,0,0,0,0,0,0,0,0,0,0,0,0,0,0,0,0,0,0,0,0,0,0,0,0,0,0,0,0,0,0,0,0,0,0,0,0,0,0,0,0,0,0,0,0,0,0,0,0,0,0,0,0,0,0,0,0,0,0,0,0,0,0,0,0,0,0,0,0,0,0,0,0,0,0,0,0,0,0,0,0,0,0,0,0,0,0,0,0,0,0,0,0,0,0,0,0,0,0,0,0,0,0,0,0,0,0,0,0,0,0,3232,3938,2488,1945,0,0,0,0,0,0,0,0,0,0,0,0,0,0,0,0,0,0,0,0,0,0,0,0,0,0,0,0,0,0,0,0,0,0,0,0,0,0,0,0,0,0,0
RIR,0,0,0,0,0,0,0,0,0,0,0,0,0,0,0,0,0,0,0,0,0,0,0,0,0,0,0,0,0,0,0,0,0,0,0,0,0,0,0,0,0,0,0,0,0,0,0,0,0,0,0,0,0,0,0,0,0,0,0,0,0,0,0,0,0,0,0,0,0,0,0,0,0,0,0,0,0,0,0,0,0,0,0,0,0,0,0,0,0,0,0,0,0,0,0,0,0,0,0,0,0,0,0,0,0,0,0,47,0,0,0,0,0,0,0,0,0,0,0,0,0,0,0,0,0,0,0,0,0,0,0,0,0,0,0,0,0,0,0,2308,0,0,0,0,0,0,0,0,0,0,0,0,0,0,0,0,0,0,0,0,0,0,0,0,0,0,0,0,0,0,0,0,0,0,0,0,0,0,0,0,0,0,0
RIS,40,0,0,0,0,0,0,0,0,0,0,0,0,0,0,922,0,0,0,0,0,0,0,0,0,0,0,0,0,0,0,0,0,0,0,0,0,0,0,0,0,0,0,0,0,0,0,0,0,0,0,0,0,0,5544,0,20512,26759,37961,0,0,0,0,0,0,0,0,139,0,629,6346,12543,10723,10298,0,0,1847,5244,0,0,0,394,0,0,132,0,0,0,0,0,0,0,0,1236,0,950,1100,1862,0,0,0,0,1036,164,0,0,0,3702,0,0,0,0,0,0,6915,11489,0,0,4808,0,0,0,0,0,0,0,3017,0,0,0,0,0,0,0,0,0,4682,1131,8009,16699,0,0,0,0,0,0,0,0,0,0,0,0,0,0,0,0,0,0,0,0,0,0,0,0,0,0,0,0,0,111,0,0,0,0,0,98,1056,1502,2064,13,0,0,0
RIVL,1401,487,4733,3290,0,0,0,0,537,0,0,0,0,0,0,0,2501,1109,0,0,0,0,0,0,0,194,352,30,0,0,0,0,0,0,0,0,0,0,0,0,0,0,0,0,0,0,0,0,1870,1477,0,0,4093,0,0,0,10129,4456,491,0,0,0,0,0,0,0,1378,2554,0,0,0,0,0,897,1064,12703,1485,70,0,0,0,0,1905,0,0,0,0,0,0,0,0,0,784,0,0,0,0,0,234,0,0,0,0,0,0,0,0,0,1342,1456,0,0,0,0,2768,9239,571,0,0,0,4523,2153,0,0,0,0,8018,3660,0,0,0,0,0,0,0,0,0,0,0,0,255,6900,0,0,0,0,0,0,0,0,14742,0,628,0,9409,1999,5512,343,0,0,0,0,0,0,33381,19210,4654,0,0,0,0,0,0,0,0,491,916,0,0,0,0,0,0
RIVR,672,723,5270,4229,0,0,0,0,0,0,0,0,0,0,0,0,2331,3640,0,0,0,0,0,0,0,382,1091,99,605,0,0,0,0,0,0,0,0,0,0,0,0,658,0,0,0,0,0,0,0,485,0,0,0,4793,0,0,457,9785,727,0,0,0,0,0,0,0,1709,1898,0,0,0,0,447,0,0,9871,0,1343,0,0,0,0,0,3483,0,0,0,0,0,0,0,0,0,921,0,0,0,0,0,875,0,0,0,0,0,0,0,0,2263,3339,0,0,0,0,9256,3276,54,0,0,3796,0,1569,0,0,0,0,1838,2044,22629,0,0,0,0,0,0,0,91,0,0,250,4080,1832,0,0,0,0,0,0,0,525,11648,971,0,15850,0,716,10788,0,0,0,0,0,0,33141,0,307,22086,0,0,0,0,0,745,0,0,773,725,0,0,6124,0,0,0
RMDDL,0,0,26,96,0,0,0,0,0,0,0,0,0,0,0,0,0,0,0,0,0,0,0,0,2882,1443,2273,0,0,0,0,0,0,0,0,0,0,0,0,0,0,0,0,0,0,0,0,0,0,4118,0,0,0,0,0,0,0,0,2732,0,0,0,0,0,0,0,0,0,0,53,0,9523,17579,0,0,0,0,0,0,0,0,11561,21194,13128,41627,0,139,1474,0,0,481,0,19416,318,3081,29284,482,0,0,0,0,0,0,0,0,0,0,0,0,0,0,0,0,0,128,6690,773,0,0,0,0,0,0,447,0,106,0,624,0,9870,0,0,6336,9011,4187,41055,2992,1307,0,7848,0,0,0,0,0,0,0,0,0,0,880,3157,2453,0,2844,867,0,7278,3972,5775,2883,53,31,14378,1474,0,14295,0,2516,152,0,454,4391,0,0,0,9142,13518,0,0,0,0,0
RMDDR,0,0,1181,0,0,0,0,0,0,0,0,0,0,0,0,0,0,0,0,0,0,0,70,931,0,1017,0,0,0,0,0,0,0,0,0,0,0,0,0,0,0,0,0,0,0,0,0,0,4813,0,0,0,0,0,0,0,0,0,2459,0,0,0,0,0,0,0,0,0,0,0,8758,528,0,17847,0,0,0,0,0,0,2884,0,4702,25707,0,49454,145,0,0,0,0,1313,824,22791,19744,1716,0,2215,0,0,0,0,44,0,0,0,0,0,0,0,0,0,0,0,5163,640,0,0,0,0,0,440,0,0,0,279,3182,7262,12283,0,12970,0,12921,5349,65880,2848,4075,0,870,11382,0,0,0,0,0,0,0,0,0,661,960,4082,3806,2416,0,0,794,4203,7195,5444,10899,117,0,0,9970,14302,0,1313,97,0,331,2888,163,0,0,8277,124,0,21065,0,0,0,0
RMDL,0,0,6728,3558,0,0,0,0,0,0,0,0,0,0,486,0,0,0,0,0,0,0,0,977,0,0,3318,0,0,0,0,0,0,0,0,0,1089,0,0,0,0,0,0,0,0,0,0,0,7298,0,0,0,0,0,0,0,25156,16359,0,0,0,0,0,0,0,0,0,0,881,0,4956,749,13688,969,0,165,0,0,0,0,0,0,9970,7331,0,0,0,0,0,0,0,0,6345,9319,0,91,0,0,45,0,0,0,582,803,0,0,0,0,536,0,0,0,0,0,419,1844,0,978,0,0,0,0,14838,34765,0,0,0,18493,18599,0,0,0,0,0,0,0,0,820,2413,0,4793,7267,0,0,0,0,0,0,0,540,115,4441,1700,885,14581,1080,3795,4223,10158,0,0,1422,6673,3807,6161,7000,3416,0,0,0,0,1996,2229,0,0,0,0,0,154,291,0,0,0
RMDR,0,0,338,7685,0,0,0,0,0,0,0,0,0,0,0,2486,0,0,0,0,0,0,2302,0,406,1100,0,0,0,0,0,0,0,0,0,0,0,555,0,0,0,0,0,0,0,0,0,0,0,8530,1518,0,0,0,0,0,22841,33435,240,0,0,0,0,0,0,0,0,0,0,0,572,5349,596,14147,0,0,0,0,0,0,0,0,7057,5240,0,0,0,0,0,0,0,0,294,6599,0,446,0,0,0,0,0,0,0,0,0,0,0,753,0,232,0,0,0,0,2776,2457,0,0,58,0,0,0,49958,12015,0,0,0,21587,0,15731,0,0,38154,0,0,0,0,0,0,133,11829,5701,0,0,0,0,0,0,0,0,0,3312,4419,9542,566,2546,115,7223,5179,23,0,737,5686,2743,6221,2113,7818,0,0,0,0,0,1176,0,0,0,0,0,0,542,0,0,0
RMDVL,0,0,0,0,0,0,0,0,0,0,0,0,0,0,0,0,0,0,0,0,0,0,0,0,0,36,0,0,0,0,0,0,0,0,0,0,0,0,0,0,0,0,0,0,0,0,0,0,889,3480,0,0,0,0,0,0,2330,0,0,0,0,0,0,0,0,0,3107,0,0,0,18543,0,0,2193,538,0,0,0,0,0,27779,0,13930,12212,0,1944,91,0,0,0,0,82,15303,737,1074,0,0,18842,17094,0,0,0,0,0,0,0,0,0,0,0,0,0,0,0,1591,0,0,0,0,0,0,0,0,0,32,0,0,424,5654,0,0,0,12187,14085,0,0,8912,45,39,2191,0,1365,0,0,0,0,0,0,0,0,5166,5434,0,1190,22342,0,6734,486,11238,2811,168,0,10733,0,2680,5647,570,0,0,0,1201,0,0,0,0,14728,0,0,13950,0,0,0,0
RMDVR,0,158,0,0,0,0,0,0,0,0,0,0,0,0,0,0,0,0,0,0,0,0,0,0,0,914,0,0,0,0,0,0,0,0,0,0,0,0,0,0,0,0,0,0,0,0,0,0,6791,2500,0,0,0,0,129,0,0,0,0,0,0,0,0,0,0,0,0,7574,0,0,0,20003,4745,0,67,0,0,0,0,0,0,47788,11520,18103,6095,0,0,27,0,0,803,0,1689,18477,0,1475,23813,0,0,7489,0,0,0,0,0,0,0,0,0,0,0,0,0,0,1858,2546,0,0,0,0,0,0,0,0,0,0,0,0,0,7894,0,0,18827,10660,13977,0,6471,189,974,2499,61,0,0,0,0,0,0,0,0,0,239,1866,5355,16442,797,0,5707,11498,7611,0,2405,19977,2750,0,993,203,2159,0,372,1525,0,0,0,0,0,0,16193,4326,0,0,0,0,0
RMED,0,0,0,0,0,0,0,0,0,0,0,0,0,0,0,0,0,0,0,0,0,0,0,0,0,0,0,0,0,0,0,0,0,0,0,0,0,0,0,0,0,0,0,0,0,0,0,0,0,0,0,0,0,0,0,0,0,0,0,0,0,0,0,0,0,0,0,0,0,0,0,0,0,0,0,0,0,0,0,0,0,0,0,0,0,0,0,0,0,0,0,0,0,0,0,0,0,0,0,0,0,0,0,0,0,0,0,0,0,0,0,0,0,0,0,0,0,0,0,0,0,0,0,0,0,0,0,0,0,0,0,0,0,0,0,0,0,19287,18458,63316,0,0,0,0,0,0,0,0,0,0,0,0,0,0,0,0,0,0,0,0,0,0,0,0,0,0,0,0,0,0,0,0,0,0,0,0,0,0,0,0,0,0,0
RMEL,0,0,0,0,0,0,0,0,0,0,0,0,0,0,0,0,0,0,0,0,0,0,0,0,0,0,0,0,0,0,0,0,0,0,0,0,0,0,0,0,0,0,0,0,0,0,0,0,0,0,0,0,0,0,0,0,0,0,0,0,0,0,0,0,0,0,0,0,0,0,0,0,0,0,0,0,0,0,0,0,0,0,0,0,0,0,0,0,0,0,0,0,0,0,0,0,0,0,0,0,0,0,0,0,0,0,0,0,0,0,0,0,0,0,0,0,0,0,0,0,0,0,0,0,0,0,0,0,0,0,0,0,0,0,0,0,0,0,6783,0,0,0,0,0,0,0,0,0,0,0,0,0,0,0,0,0,0,0,0,0,0,0,0,0,0,0,0,0,0,0,0,48,0,0,0,0,0,0,0,0,0,0,0
RMEV,0,0,0,0,0,0,0,0,0,0,0,0,0,0,0,0,0,0,0,0,0,0,0,0,0,0,0,0,0,0,0,0,0,0,0,0,0,0,0,0,0,0,0,0,0,0,0,0,0,0,0,0,0,0,0,0,0,0,0,0,0,0,0,0,0,0,0,0,0,0,0,0,0,0,0,0,0,0,0,0,0,0,0,0,0,0,0,0,0,0,0,0,0,0,0,0,0,0,0,0,0,0,0,0,0,0,0,0,0,0,0,0,0,0,0,0,0,0,0,0,0,0,0,0,0,0,0,0,0,0,0,0,0,0,0,0,0,26369,18642,0,0,0,0,0,0,0,0,0,0,0,0,0,0,0,0,0,0,0,0,0,0,0,0,0,0,0,0,0,0,0,0,0,0,0,0,0,0,0,0,0,0,0,0
RMFL,0,0,0,0,0,0,0,0,0,0,0,0,0,0,0,0,1000,0,0,0,0,0,0,0,0,0,0,0,0,0,0,0,0,0,0,0,0,0,0,0,0,0,0,0,0,0,0,0,0,0,0,0,0,0,0,0,19573,15330,2740,0,0,0,0,0,0,0,3584,0,0,0,0,430,0,4642,0,21501,0,778,0,0,0,547,0,0,0,332,0,422,0,0,0,252,7711,66,0,640,0,879,0,0,0,0,0,0,0,0,0,0,0,0,0,0,0,0,0,589,0,0,0,18145,8751,0,0,0,0,0,0,0,0,0,0,0,0,0,0,0,2752,0,84,0,0,0,0,0,0,0,0,0,0,0,0,0,0,0,0,0,0,0,0,0,0,0,0,0,0,0,0,0,0,0,3,0,0,0,0,242,823,0,987,15730,0,0,0
RMFR,0,2413,0,0,0,0,0,0,0,0,0,0,0,0,0,0,0,0,0,0,0,0,0,0,0,86,0,0,0,0,0,0,0,0,0,0,0,0,0,0,0,0,0,0,0,0,0,0,0,0,0,0,0,0,0,0,27539,26941,8809,0,0,0,0,0,0,0,0,2051,0,0,0,0,0,0,0,25150,0,0,0,0,0,0,0,0,0,0,0,0,0,0,0,0,0,4962,0,0,786,0,0,0,0,0,0,0,0,0,0,0,0,0,0,0,0,0,3966,0,0,0,0,919,19049,0,0,0,0,0,0,0,0,0,0,0,0,0,0,0,0,0,0,1124,671,0,0,0,0,0,0,0,0,0,0,0,0,0,0,0,0,0,0,0,0,0,0,0,0,0,0,0,0,0,0,0,0,0,0,0,0,760,0,0,0,0,0
RMGL,6407,0,860,0,0,0,5032,0,0,0,1113,0,0,5980,18273,0,0,0,180,0,0,0,0,5575,0,16232,0,0,0,0,0,0,3777,0,0,0,802,0,891,0,0,0,2204,1057,0,919,0,3658,6921,0,7478,21970,0,0,0,2319,203,334,0,0,0,0,1602,0,0,0,0,0,0,0,12764,0,1368,0,215,0,0,0,11312,1933,0,0,1705,0,0,0,0,0,4785,0,0,0,2168,0,107,0,0,0,0,0,0,0,832,0,0,0,7233,0,0,0,0,467,0,0,1003,4248,4784,7385,0,247,0,0,0,0,0,0,153,0,0,1412,746,4512,7310,28837,10163,444,0,0,0,0,0,3710,13814,31238,341,7043,193,398,0,0,0,991,3683,3875,0,3877,3794,6166,2080,3329,828,9219,0,1458,1229,0,0,0,0,0,0,4048,0,10264,0,0,0,0,0,1725,0,0,0
RMGR,0,4773,0,649,0,0,0,2232,0,0,0,0,985,0,0,20158,0,0,0,0,0,0,0,0,5764,0,15063,0,0,0,0,0,0,5371,0,0,0,4063,0,964,0,0,0,3878,83,1728,2338,0,0,7376,8130,4102,0,0,3461,0,0,3743,0,0,0,52,0,2354,0,0,0,0,0,867,0,9365,0,1563,822,0,0,1720,4405,8833,0,0,0,542,0,0,0,0,0,2096,0,0,0,588,0,0,0,0,26,0,0,0,6141,35,0,0,0,5155,2467,0,34,0,0,0,2117,3982,0,0,11833,0,1461,0,0,0,0,0,3526,2594,4079,0,2320,0,29091,9449,387,22552,0,0,0,0,3227,0,15508,10630,2323,1855,0,0,0,0,0,874,0,0,2303,2394,1390,2651,5189,0,417,0,16331,826,164,1306,0,0,0,0,0,0,2271,0,17698,0,0,0,0,0,0,0,0
RMHL,19,0,233,643,0,0,0,0,0,0,0,0,0,3688,0,0,0,0,0,0,0,0,0,0,0,2982,7583,0,0,0,0,0,0,0,0,0,0,0,0,0,0,0,8090,3714,0,3993,0,0,0,0,0,0,0,0,0,0,2570,0,0,0,0,0,0,0,0,0,0,0,0,0,472,13528,2068,0,2339,0,0,811,0,0,0,0,0,2176,253,0,1379,0,0,0,1007,0,0,207,5364,2320,4691,0,0,0,0,47,0,0,0,0,0,0,0,0,0,0,0,0,27747,10415,5207,0,0,98,7685,3014,0,0,312,0,0,0,4459,8168,6622,2788,4397,12390,4212,0,0,106,0,0,6114,0,0,10626,0,327,3170,3273,0,1013,8067,1317,1586,1614,0,1867,716,0,7593,2757,1047,1230,0,10016,11329,3453,4647,131,0,298,0,988,1778,0,1274,0,0,0,0,7971,0,0,0
RMHR,0,0,3876,0,0,0,0,0,0,0,0,0,4098,71,0,0,0,0,0,0,0,0,0,22,0,4204,1006,0,0,0,0,0,0,0,0,0,0,0,0,0,0,0,8194,9871,3740,0,1033,0,0,1089,0,0,0,0,0,0,0,4022,0,0,0,0,0,0,0,0,0,0,0,0,9118,346,0,6697,288,0,0,0,0,0,0,0,116,0,0,0,0,1797,361,0,0,107,0,0,155,7922,0,4857,653,0,0,0,0,0,0,0,0,0,0,0,0,0,0,0,9531,26998,0,0,0,6939,0,83,0,0,0,361,0,0,9817,1832,3333,1308,10896,4602,12,2098,0,0,184,0,0,7998,0,0,743,76,7528,1849,0,0,10577,839,1676,0,6317,0,9424,560,0,70,3905,0,1240,587,10343,6967,1633,0,166,0,83,14285,672,976,1065,46,0,0,0,2286,0,0,0
SAADL,4561,0,998,755,0,0,0,0,0,0,0,0,0,0,0,0,0,0,0,0,0,0,0,0,0,1381,0,0,0,0,0,0,0,0,0,0,0,0,0,0,0,0,0,0,0,0,0,0,428,1278,0,0,0,0,0,0,905,5256,0,0,0,0,0,0,0,0,0,0,0,0,0,229,0,0,43,5802,0,0,0,0,0,0,0,0,0,0,0,0,0,0,0,0,0,9588,0,0,0,0,0,4127,0,0,891,0,0,0,0,0,0,0,0,0,0,0,82,323,0,0,0,14714,1208,2649,31701,32318,0,0,0,0,0,19220,927,0,945,0,0,8297,0,0,0,0,11500,19867,0,0,0,0,67,4329,0,34,137,4607,0,0,0,4446,0,3783,4487,2792,1013,17976,120,5320,0,0,25526,0,0,0,0,0,274,0,0,0,0,1798,0,12680,2536,0,0
SAADR,0,1733,1116,933,0,0,0,0,0,0,0,0,0,0,0,0,256,0,0,0,0,0,0,2157,0,5574,1087,1802,0,0,0,0,0,0,0,0,0,0,0,0,0,0,0,0,0,0,0,0,2397,324,0,0,139,0,0,0,7636,0,0,0,0,0,0,0,0,0,0,0,0,0,0,0,0,0,2754,3831,4061,0,0,0,0,0,0,0,0,301,0,0,0,0,0,509,9578,0,0,0,0,0,6263,0,0,0,0,0,0,40,0,0,0,0,0,0,0,0,1301,0,0,0,0,6019,20709,1257,26599,24320,0,0,705,2725,27251,0,0,3141,0,664,632,0,0,0,0,0,14916,17055,0,0,6075,0,3861,141,0,1457,411,0,3725,0,0,0,1151,579,1844,0,4408,544,23919,558,7906,14340,192,0,0,0,179,798,0,0,0,0,0,0,2293,0,0,0,0
SAAVL,0,294,303,1659,0,0,0,0,0,0,0,0,0,0,0,0,0,738,0,0,0,0,80,0,0,5087,0,0,0,622,0,0,0,0,0,0,0,0,0,0,0,0,0,0,0,0,0,0,65,1163,0,0,0,0,0,0,9,0,0,0,0,0,0,0,0,0,2674,2417,0,0,0,0,0,0,1602,0,0,0,0,0,0,0,0,0,0,0,0,0,0,0,0,0,0,649,0,0,0,0,5529,0,0,0,0,0,0,0,0,0,0,0,0,0,0,0,0,279,0,0,0,0,4605,335,12223,27333,0,0,0,0,2231,1201,0,0,1247,0,3581,0,0,0,0,0,0,30095,0,0,0,0,0,0,0,0,282,1202,0,249,0,0,1523,364,0,2832,18334,0,10095,1263,60608,12808,3436,0,0,0,0,0,0,0,0,464,478,0,0,0,0,0,0
SAAVR,0,0,0,1641,0,0,0,0,0,0,0,0,0,0,0,0,130,0,0,0,0,0,245,0,0,895,2142,0,51,0,0,0,0,0,0,0,0,0,0,0,0,0,0,0,0,0,0,0,0,671,0,0,0,0,0,0,0,0,0,0,0,0,0,0,0,0,80,3726,0,0,0,0,0,0,1452,0,0,0,0,0,0,0,0,646,0,0,0,0,0,0,0,0,510,0,0,0,0,0,0,3124,0,0,0,0,0,0,0,0,0,0,0,0,0,0,0,633,0,0,0,5113,0,0,17345,13939,0,0,0,0,6173,2355,0,0,0,457,0,3483,0,0,0,0,28697,0,0,0,0,0,12982,0,0,283,4680,152,1371,1325,1355,0,1534,1103,543,22993,3166,7372,0,56297,3884,0,11892,0,0,0,0,0,0,0,0,444,755,0,0,15772,0,0,0
SDQL,0,0,3583,0,0,0,0,0,0,0,0,0,0,0,0,0,602,0,0,0,0,0,0,7314,1098,0,0,0,0,0,0,0,0,0,0,0,0,0,0,0,0,0,0,0,0,0,0,0,0,0,0,0,231,0,0,0,0,0,787,0,0,0,0,0,0,0,0,0,5840,832,0,0,399,4048,0,0,6010,0,0,0,0,0,0,0,0,0,0,0,0,0,0,0,0,0,0,0,0,0,0,0,0,0,5199,0,0,0,0,0,2688,0,0,0,0,0,5209,8853,2373,695,0,0,0,0,0,0,0,759,0,9382,0,0,0,0,0,0,0,0,0,0,0,0,1910,0,0,0,0,0,0,0,0,0,61776,0,0,0,0,0,0,0,0,0,0,0,0,0,0,0,0,0,0,0,0,0,0,0,0,0,0,0,0,3394,0,0,0
SDQR,681,386,0,3657,0,0,0,0,0,0,0,0,0,0,0,0,0,58,0,0,0,0,0,2886,8877,0,0,0,0,0,0,0,0,0,0,0,0,0,0,0,0,0,0,0,0,0,0,0,0,0,0,0,0,72,0,0,0,0,303,0,0,0,0,0,0,0,0,0,411,3758,0,0,2741,1256,0,0,2144,308,0,0,0,0,0,0,0,0,0,0,0,0,0,0,0,0,0,0,0,0,0,0,0,0,5749,2428,0,0,0,0,17218,0,0,0,0,0,12697,12249,496,25,803,0,0,0,0,0,81,0,1034,1614,0,0,0,0,0,0,0,0,0,0,0,0,3509,9253,0,0,0,0,0,0,0,0,0,0,0,0,0,0,0,0,0,0,0,0,0,0,0,0,0,0,0,0,0,0,0,0,0,0,0,0,0,4340,0,0,0
SIADL,0,540,0,150,0,0,0,0,0,0,0,0,0,0,0,0,0,264,0,0,0,0,670,0,3659,0,5017,17,0,0,0,0,0,0,0,0,0,505,0,0,0,0,0,0,0,0,0,0,423,2648,0,190,0,0,0,0,8800,3442,0,0,0,0,0,0,0,0,0,0,0,0,0,1042,0,0,11770,0,0,0,0,0,0,0,0,0,1309,0,0,0,0,0,359,0,0,0,0,0,0,0,0,0,0,0,0,0,0,0,0,0,0,0,0,0,0,0,8417,1763,0,0,0,2744,0,350,0,0,0,0,0,0,0,0,0,0,0,0,0,0,0,0,0,450,144,0,0,0,0,0,0,0,0,0,1024,0,0,13351,988,16935,1854,5061,3443,0,0,0,0,0,0,0,0,0,0,346,0,0,425,0,0,525,0,1980,0,2032,0,0,0
SIADR,0,2608,0,0,0,0,0,0,0,0,0,0,0,0,0,0,502,0,0,0,0,0,739,3615,0,5445,0,270,0,0,0,0,0,0,0,0,951,0,0,0,0,0,0,0,0,0,0,0,1937,1811,0,266,867,0,0,0,3490,8717,4582,0,0,0,0,0,0,0,0,0,0,0,2359,0,0,0,14140,0,10,0,0,0,0,0,0,0,0,1284,0,0,0,0,0,440,0,0,39,0,0,0,0,0,0,0,0,0,0,0,0,0,0,0,0,0,0,0,0,6482,31,0,0,0,1321,762,0,0,0,0,0,600,0,0,0,0,0,0,0,0,0,0,0,52,0,0,0,0,0,0,0,0,0,7847,0,1624,0,1327,15172,772,15804,5827,3457,0,0,0,0,0,0,0,0,0,0,0,444,1198,0,0,0,0,318,0,1057,0,0,0,0
SIAVL,1186,0,519,0,739,0,0,0,0,0,0,0,0,0,2022,0,0,0,0,0,0,0,0,0,0,1139,0,2264,0,0,0,0,0,0,0,0,0,0,0,0,0,0,0,0,0,0,0,0,0,7855,2531,1754,0,0,0,0,8114,5982,0,0,0,0,0,0,0,0,394,0,0,0,0,0,4220,0,18304,0,2628,57,0,0,0,0,0,0,1521,0,0,0,0,0,339,0,1228,0,0,0,41,0,0,6162,0,0,1584,0,308,0,0,0,0,0,0,0,0,0,2490,1772,1264,0,0,0,128,4279,0,0,0,0,0,0,0,0,0,0,0,0,0,0,0,0,0,778,0,0,0,0,0,0,0,0,0,114,7340,0,0,0,0,16016,0,18450,9849,0,0,0,0,0,0,0,0,0,0,887,0,1850,0,0,0,0,0,0,0,0,0,0,0
SIAVR,0,2288,0,0,0,0,0,0,0,0,0,0,0,0,0,3099,0,0,0,0,0,0,0,0,0,0,83,0,0,0,0,0,0,0,0,0,0,0,0,0,0,0,0,0,0,0,0,0,8837,0,0,0,0,0,403,0,7034,10913,644,1381,0,0,0,0,0,0,0,407,0,0,0,0,0,4557,25205,0,0,1604,0,0,0,0,0,292,0,1594,0,0,0,0,0,462,0,527,0,0,0,0,14208,0,0,0,0,0,0,0,0,0,2681,499,0,0,0,0,3489,6536,0,0,0,0,253,0,0,0,0,0,0,1345,0,0,0,0,0,0,0,0,0,0,0,0,0,0,0,0,0,0,0,0,2207,0,8874,0,0,0,0,886,45737,12089,17207,0,0,0,0,0,0,0,0,0,0,0,898,0,4891,0,0,0,0,0,0,0,0,0,0
SIBDL,3705,502,0,964,1783,0,0,0,0,0,0,0,0,0,0,0,0,342,0,0,0,0,258,0,10204,53,5959,467,0,0,0,0,0,0,0,0,0,534,0,0,0,0,0,0,0,0,0,0,0,0,0,297,0,183,0,0,0,0,0,0,0,0,0,0,0,0,321,0,0,0,0,31,0,0,6831,0,0,0,0,0,0,0,0,0,0,0,0,0,0,0,0,0,0,438,0,0,0,0,0,0,0,0,0,0,0,780,0,0,0,0,0,0,0,0,3738,1267,522,0,0,0,0,0,0,0,0,0,0,0,0,0,0,0,0,0,0,0,0,0,0,0,0,0,0,0,0,0,0,0,0,0,0,0,0,0,0,0,0,22503,9629,0,0,0,0,0,0,0,0,0,0,0,0,2019,225,0,0,0,261,2159,0,296,0,0,0
SIBDR,163,7008,4197,0,0,76,0,0,0,0,0,0,0,0,612,0,1937,0,0,0,0,0,593,0,0,3325,0,539,0,0,0,0,0,0,0,0,467,0,0,0,0,0,0,0,0,0,0,0,5625,92,0,447,614,0,0,0,433,304,0,0,0,0,0,0,0,0,0,2229,0,0,0,0,0,1810,6959,0,0,0,0,0,0,0,0,0,0,730,0,0,0,0,0,443,216,0,0,0,0,4005,12646,0,0,0,0,0,0,256,0,0,0,0,0,0,0,0,9091,2110,347,0,121,0,0,0,0,0,0,481,0,0,0,0,0,0,0,0,0,0,0,0,0,0,0,0,0,0,0,0,0,0,0,5027,0,0,0,0,0,1045,0,7288,21270,0,0,0,0,0,0,0,0,0,0,0,509,413,5981,0,0,683,0,0,1411,0,0,0,0
SIBVL,5135,608,158,973,1808,0,0,0,0,0,0,0,0,0,0,0,0,0,0,0,0,0,0,0,3907,492,0,6940,0,0,0,0,0,0,0,0,0,0,0,0,0,0,0,0,0,0,0,0,0,4794,0,0,0,0,2317,0,0,0,0,5790,0,0,0,0,0,0,1100,121,0,0,1842,0,0,1103,42086,0,0,0,0,0,0,0,0,0,795,662,307,0,0,0,1441,228,1508,820,5612,0,0,0,3291,0,0,0,0,0,1138,350,0,0,4923,0,0,0,0,0,20,12090,1168,0,0,152,1090,0,0,0,0,979,0,0,0,0,0,0,0,0,0,0,0,0,0,0,0,0,0,0,0,0,0,0,896,4171,553,0,0,0,0,0,0,0,0,0,0,0,0,0,0,0,0,0,0,1001,756,6602,269,0,0,0,1190,117,1581,230,0,0,0
SIBVR,6108,942,1085,0,0,3803,0,0,0,0,0,0,0,0,0,0,0,0,0,0,0,0,0,0,0,0,54,7621,0,0,440,0,0,0,0,0,0,0,0,0,0,0,0,0,0,0,0,0,62,845,1760,2261,0,1276,2831,0,0,2780,638,75,0,0,0,0,0,0,805,1609,265,0,0,1232,0,0,37028,0,3852,0,0,0,0,0,0,501,1038,1045,0,0,0,0,337,499,471,1668,0,7116,0,0,0,1602,0,0,3919,0,0,745,0,0,0,0,0,0,0,0,28480,2291,22706,0,0,0,848,1106,0,0,0,66,1305,0,0,0,0,0,0,0,0,0,0,0,0,984,0,0,0,0,0,0,0,0,0,1614,1286,0,0,0,0,0,0,33246,0,0,0,0,0,0,0,0,0,0,0,208,936,82,6737,0,0,0,0,1704,0,0,0,0,0
SMBDL,761,0,274,2822,9259,0,0,0,0,0,0,0,0,0,0,1729,0,0,0,0,0,0,48,0,1704,0,10550,0,0,0,0,0,0,0,0,0,0,525,0,0,0,0,0,0,0,0,0,0,0,2081,0,424,0,822,0,0,12282,9682,0,0,0,0,0,0,0,0,0,0,0,0,0,8399,0,0,17833,2030,0,0,0,0,0,78,0,0,890,0,0,707,0,0,366,0,0,0,0,8806,0,0,0,0,0,0,0,0,0,0,0,0,0,566,0,0,0,0,6659,1219,0,0,0,11943,1590,956,0,0,0,0,646,0,5554,4071,0,0,0,0,0,0,10366,0,0,2915,2127,0,0,0,0,0,0,0,0,0,3070,33838,0,19345,0,33171,6160,9145,19721,0,0,73930,494,3227,0,2449,121,0,0,700,0,218,6704,0,0,0,0,1915,0,6093,0,0,0
SMBDR,0,5467,0,0,0,10529,0,0,0,0,0,0,0,0,130,0,0,0,0,0,0,0,0,10606,0,7290,0,326,0,0,0,0,0,0,0,0,0,0,0,0,0,0,0,0,0,0,0,0,853,0,0,0,811,0,0,0,3799,12099,3507,339,0,0,0,0,0,0,0,64,0,0,7391,3090,0,213,13219,0,0,810,0,0,0,0,0,0,0,0,166,0,0,0,0,0,0,0,8427,0,0,0,0,0,0,0,0,0,0,930,0,0,0,1397,0,0,0,0,8308,9200,0,0,493,137,7058,7110,0,0,0,0,0,1638,9645,1567,0,0,0,0,0,0,6442,0,0,0,0,0,0,0,0,0,0,0,0,2073,0,0,56858,0,30532,3745,28063,28832,25569,3300,0,196,92700,0,6487,0,3559,0,0,0,0,7966,175,0,0,0,1563,0,1980,0,0,588,1768
SMBVL,27,0,1053,0,14809,0,0,0,0,0,0,0,0,0,5784,0,0,0,0,0,0,0,144,3073,0,695,0,0,0,0,1756,0,0,0,0,0,3665,0,0,0,0,0,0,0,0,0,0,0,465,1180,5854,6003,0,6744,0,4810,345,0,0,0,226,0,0,0,0,0,0,0,0,0,0,0,11926,0,3577,0,451,0,0,0,0,0,1822,0,0,0,0,0,0,0,0,0,1721,0,0,0,5665,0,0,30976,0,0,0,0,3939,0,0,0,1072,0,0,0,0,0,4838,1935,70,4394,0,2034,48,3670,0,0,0,0,2849,0,0,1334,0,0,0,0,0,0,0,0,0,6945,0,0,0,0,0,0,0,0,0,0,180,0,0,14331,0,1834,0,2624,6966,0,0,0,0,683,0,0,4112,0,0,0,0,2342,0,0,0,0,0,394,0,90,872,0,0
SMBVR,0,1347,0,777,0,21554,0,0,0,0,0,0,0,0,0,2383,0,0,0,0,0,0,0,0,0,0,0,1007,0,0,0,1088,0,0,0,0,0,0,0,0,0,0,0,0,0,0,0,0,0,1417,0,0,14268,0,2793,0,586,4787,239,517,0,89,0,0,0,0,0,0,0,0,0,0,0,9753,8922,0,0,580,0,0,0,0,0,2302,0,74,0,0,0,0,0,325,0,2075,0,0,0,10203,34273,0,0,0,0,0,0,3244,0,0,0,0,0,0,0,0,90,6351,0,0,3488,116,1355,0,0,0,0,0,522,4983,1613,0,0,0,0,0,0,0,0,0,0,2998,0,169,0,0,0,0,0,0,1068,0,0,0,7,0,12302,0,11508,9153,1646,0,0,227,0,0,2707,589,0,0,0,0,77,0,6949,0,0,0,0,0,931,0,0,0,0
SMDDL,335,0,0,2355,0,0,0,0,0,0,0,0,0,0,0,0,0,0,0,0,0,0,0,0,1075,4403,12145,0,0,0,0,0,0,0,0,0,0,0,0,0,0,0,0,0,0,0,0,0,8171,2139,0,0,0,0,0,0,4051,9088,205,0,0,0,0,0,0,0,0,0,0,0,220,9536,0,0,0,0,0,0,0,0,0,1663,0,0,0,0,0,294,0,0,0,0,2821,2667,0,4589,0,0,0,91,0,0,0,0,0,0,0,0,0,0,0,0,0,0,9578,18476,59,0,0,0,0,0,0,0,0,0,0,22845,0,0,0,0,0,0,0,0,16639,0,0,1133,1032,0,0,0,0,0,0,0,0,49,947,11845,4519,0,701,13149,610,0,84,0,0,0,0,0,0,9627,45240,0,0,0,0,0,2132,0,0,1154,6383,0,0,4526,0,0,0
SMDDR,0,2200,3498,0,0,0,0,0,0,0,0,0,0,0,0,0,44,0,0,0,0,0,222,0,0,16281,2484,0,0,0,0,0,0,0,0,0,506,0,0,0,0,0,0,0,0,0,0,0,326,3361,0,176,0,0,0,0,922,4327,0,0,0,0,0,0,0,0,0,0,0,0,5934,1585,0,118,0,0,0,0,0,0,0,0,0,0,0,0,0,0,0,0,0,0,4430,1029,0,0,0,0,0,0,0,0,0,0,0,0,0,0,0,0,0,0,0,0,5169,10029,0,0,0,0,0,0,0,0,0,0,0,34546,0,0,0,0,0,0,0,0,16911,0,0,1674,0,145,0,0,0,0,0,0,0,1121,3371,0,20005,614,40,380,10269,2,0,0,0,0,0,26613,0,50568,5820,0,0,0,0,1187,0,0,0,2797,0,0,51,0,0,0,0
SMDVL,0,4654,1415,1758,0,0,0,0,0,0,0,0,0,0,0,0,0,0,0,0,0,0,0,0,0,3180,3954,0,0,0,0,0,0,0,0,0,0,0,0,0,0,0,0,0,0,0,0,0,3932,68,0,0,0,0,0,0,994,0,16,0,0,0,0,0,0,0,2362,1010,0,0,0,0,0,7414,9027,0,0,0,0,0,179,0,1445,0,0,0,0,0,0,0,0,0,2753,2870,0,0,0,0,8087,0,0,0,0,0,0,0,0,0,620,0,0,0,0,0,2896,6145,0,0,0,0,0,221,0,0,0,0,0,26122,0,0,0,0,0,0,0,0,562,0,0,9925,1228,1046,0,0,0,0,0,0,1215,0,464,4765,12235,55,9074,2113,550,286,0,0,0,0,0,0,0,0,0,0,0,0,0,56,0,0,0,270,0,0,1572,0,0,0,0
SMDVR,2895,0,2540,1277,0,0,0,0,0,0,0,0,0,0,0,0,856,0,0,0,0,0,0,0,0,1961,2002,0,0,0,0,0,0,0,0,0,0,0,0,0,0,0,0,0,0,0,0,0,1217,6074,1529,0,0,514,0,0,103,565,0,0,0,0,0,0,0,0,1341,3030,12,0,0,0,10052,0,768,0,0,0,0,0,0,947,0,1911,0,0,0,0,0,0,0,0,9693,3613,0,0,0,0,0,6949,0,0,2380,0,0,0,0,0,0,0,0,0,0,0,5925,4543,0,59,0,0,0,0,0,0,0,0,0,23550,0,0,0,0,0,0,0,0,665,0,0,14486,715,0,0,0,0,0,0,0,0,0,1975,10886,11652,10709,127,1356,2633,0,1192,0,0,0,0,0,0,26106,0,0,0,0,0,0,0,0,0,0,573,1908,0,12346,401,0,0
URADL,68,0,0,0,0,0,0,0,0,0,0,0,0,0,32,0,0,267,0,0,0,0,0,0,0,0,0,0,0,0,0,0,0,0,0,0,0,0,0,0,282,0,0,0,0,0,0,0,0,0,0,0,323,0,21,0,0,0,0,0,0,0,0,0,0,0,0,0,936,0,0,0,0,0,0,0,0,0,0,0,0,0,0,0,0,0,0,0,0,0,0,0,0,0,0,0,0,0,0,0,0,0,267,0,0,0,0,0,1482,0,0,0,0,0,234,60,260,488,0,0,0,0,0,0,22255,0,0,0,0,0,0,0,0,0,0,0,1310,3602,10161,2272,0,0,0,0,0,0,0,0,0,0,0,0,0,0,0,0,0,0,0,0,0,0,0,0,0,0,0,0,0,0,0,0,0,0,0,0,0,0,0,0,0,0,0
URADR,0,72,0,0,0,0,0,0,0,0,0,0,0,0,0,289,0,0,0,0,0,0,0,0,0,0,0,0,0,0,0,0,0,0,0,0,0,0,0,0,0,0,0,0,0,0,0,0,0,0,0,0,0,0,0,32,0,0,0,0,0,0,0,0,0,0,0,0,0,1238,0,0,0,0,0,0,0,0,0,0,0,0,0,0,0,0,0,0,0,0,0,0,0,0,0,0,0,0,0,0,0,0,287,46,0,0,0,0,2663,0,0,0,0,0,67,115,0,0,686,0,0,0,0,0,0,30951,0,0,0,0,0,0,0,0,0,0,2156,4660,1281,793,0,0,0,0,0,0,0,0,0,0,0,0,0,0,0,0,0,0,0,0,0,0,0,0,0,0,0,0,0,0,0,0,0,0,0,0,0,0,0,0,0,0,0
URAVL,875,0,0,0,0,0,0,0,0,0,0,0,0,0,0,0,0,0,0,0,0,0,0,0,0,0,0,0,0,0,0,0,0,0,0,0,0,0,0,0,0,0,0,0,0,0,0,0,0,0,0,0,0,0,0,0,0,0,440,0,0,0,0,0,0,0,0,0,0,0,0,0,0,0,0,362,0,0,0,0,0,0,0,0,0,0,0,0,0,0,0,0,0,0,0,0,0,0,0,0,0,0,0,0,0,0,0,0,783,0,0,0,0,0,423,0,856,0,0,0,0,0,0,0,21098,0,0,0,0,0,0,0,0,0,0,0,10098,2328,5726,7368,0,0,0,0,0,0,0,0,0,0,0,0,0,0,0,0,0,0,0,0,0,0,0,0,0,0,0,0,0,0,0,0,0,0,0,0,0,0,0,0,0,0,0
URAVR,0,373,0,0,0,0,0,0,0,0,0,0,0,0,0,0,0,0,0,0,0,0,0,0,0,0,0,0,0,0,0,0,0,0,0,0,0,0,0,0,0,0,0,0,0,0,0,0,0,0,0,0,0,0,0,0,0,0,230,0,0,0,0,0,0,0,0,0,0,0,0,0,0,0,0,3696,0,0,0,0,0,0,0,0,0,0,0,0,0,0,0,0,0,0,0,0,0,0,0,0,0,0,0,0,0,89,0,0,566,0,0,0,0,0,293,0,0,0,0,0,136,0,0,0,0,16329,0,0,0,0,0,0,0,0,0,0,8547,10552,1949,3654,0,0,0,0,0,0,0,0,0,0,0,0,0,0,0,0,0,0,0,0,0,0,0,0,0,0,0,0,0,0,0,0,0,0,0,0,0,0,0,0,0,0,0
URXL,13371,0,0,0,8041,0,0,0,1278,0,0,0,0,57,6261,0,231,257,1199,0,51,0,1399,575,0,0,0,131,0,0,0,0,0,0,0,0,1546,0,0,0,26480,0,1278,0,2208,27,1153,1734,5404,0,1604,0,777,1741,676,849,0,0,0,0,0,0,0,0,10,0,662,0,0,0,35807,0,52,0,2201,0,0,0,0,0,0,0,1245,0,552,0,2098,0,1930,0,80,0,342,0,0,0,86,0,0,0,0,0,0,449,5550,0,0,0,0,0,28544,0,295,0,7439,1153,376,0,0,7582,0,0,0,0,0,145,20565,0,0,0,0,0,0,0,0,0,0,0,0,0,0,0,0,0,0,0,0,0,0,0,0,1139,4,190,0,0,240,524,0,0,2311,285,0,0,0,0,0,1423,0,0,0,8920,0,0,0,5898,0,1451,0,0,0,0,0
URXR,0,24589,0,3846,0,11033,0,0,0,0,0,0,372,0,0,10204,398,1810,0,593,0,135,1617,0,4290,0,815,0,0,0,0,189,0,0,0,310,0,926,0,0,0,23942,0,2252,1151,1327,1294,491,0,1891,1635,616,515,581,0,565,0,0,0,0,0,0,0,920,24,241,80,2437,0,0,0,24765,0,2254,1648,0,0,0,0,0,0,0,0,7765,0,0,0,1362,0,4838,0,174,0,1780,0,785,0,948,0,0,191,0,0,0,0,4640,0,0,0,0,0,18850,0,709,3352,7117,581,0,1032,0,4553,2574,0,0,54,7999,17130,0,0,0,93,0,1085,6946,1749,1278,0,0,0,0,0,0,0,0,0,0,0,0,0,0,0,1653,0,0,1493,1142,225,397,0,4666,296,0,2484,2014,0,172,0,0,0,0,2023,0,12933,0,0,0,3889,0,1408,0,0,0,0
URYDL,544,0,0,0,0,0,0,0,0,0,0,0,0,0,356,0,620,154,0,0,0,0,566,0,0,0,0,0,0,0,0,0,0,0,0,0,0,0,0,0,148,0,0,0,0,0,0,0,0,0,0,0,308,0,547,0,298,182,343,0,0,0,0,0,0,0,0,0,0,0,0,0,0,0,0,22,0,0,0,0,0,0,0,0,0,0,0,0,0,0,0,0,0,0,0,0,0,0,0,0,0,0,0,0,0,0,0,0,112,0,0,0,0,0,0,0,1168,0,0,4028,0,0,0,0,0,0,0,0,0,0,0,0,0,0,0,0,4903,1390,91,873,0,0,0,0,0,0,0,0,0,0,0,0,0,0,0,0,0,0,0,0,0,0,0,0,0,0,0,6020,0,0,0,459,0,0,0,0,0,0,0,0,0,0,0
URYDR,0,795,0,0,0,0,0,0,0,0,0,0,0,0,0,491,89,0,0,0,0,0,768,0,0,0,0,0,0,0,0,0,0,0,0,0,0,0,0,0,0,0,0,0,0,0,0,0,0,0,0,0,0,630,391,791,0,312,765,0,0,0,0,0,0,0,0,0,0,0,0,0,0,0,0,0,0,0,0,0,0,0,0,0,0,0,0,0,0,0,0,0,0,0,0,0,0,0,0,0,0,0,0,0,0,0,0,0,0,0,0,0,0,0,0,53,204,0,170,0,1935,0,0,0,0,0,0,0,0,0,0,0,0,0,0,0,2749,0,0,2119,0,0,0,0,0,0,0,0,0,0,0,0,0,0,0,0,0,0,0,0,0,0,0,0,0,0,0,0,7565,0,0,0,0,0,0,0,0,0,0,0,0,0,0
URYVL,1599,0,0,0,0,0,0,0,0,0,0,0,0,0,0,0,0,147,0,0,0,0,0,0,0,0,0,0,0,0,0,0,0,0,0,0,0,0,0,0,319,0,0,0,0,0,0,0,0,0,0,0,0,144,0,458,437,0,2614,0,0,0,0,0,0,0,0,0,0,0,0,0,0,0,0,1483,0,0,0,0,0,0,0,0,0,0,0,0,0,0,0,0,0,0,0,0,0,0,0,0,0,0,0,0,0,0,0,0,1498,0,0,0,0,0,0,258,2910,39,0,4632,0,0,0,0,1176,0,824,0,0,0,0,0,0,0,0,0,507,699,0,3699,0,0,0,0,0,0,0,0,0,0,0,0,0,0,0,0,0,0,0,0,0,0,0,0,0,0,0,0,0,2680,0,0,0,0,0,0,0,0,0,621,0,0,0
URYVR,0,817,0,0,0,0,0,0,0,0,0,0,0,0,0,0,0,0,0,0,0,0,0,0,0,0,0,0,0,0,0,0,0,0,0,0,0,0,0,0,0,124,0,0,0,0,0,0,0,0,0,0,836,0,638,0,317,1341,1789,0,0,0,0,0,0,0,0,0,0,0,0,0,0,0,0,742,0,0,0,0,0,0,0,0,0,0,0,0,0,0,0,0,0,0,0,0,0,0,0,0,0,0,0,0,0,0,0,0,514,0,0,0,0,0,615,0,0,0,0,0,4181,0,0,0,0,1719,88,0,0,0,0,0,0,0,0,0,1288,340,539,9953,0,0,0,0,0,0,0,0,0,0,0,0,0,0,0,0,0,0,0,0,0,0,0,0,0,0,0,0,0,0,3507,0,0,0,0,0,0,0,0,0,0,0,0
VB01,0,0,0,0,0,0,0,0,0,0,0,0,0,0,0,0,0,0,0,0,0,0,0,0,0,0,0,0,0,0,0,0,0,0,0,0,0,0,0,0,0,0,0,0,0,0,0,0,0,0,0,0,0,0,0,0,0,0,0,0,0,0,0,0,0,0,0,0,0,0,0,0,0,0,0,0,0,0,0,0,0,0,0,0,0,0,0,0,0,0,0,0,0,0,0,0,0,0,0,0,0,0,0,0,0,0,0,0,0,0,0,0,0,0,0,0,0,0,0,0,0,0,0,0,0,0,0,0,0,0,0,0,0,0,0,0,0,0,0,0,0,0,0,0,0,0,0,0,0,0,0,0,0,0,0,0,0,0,0,0,0,0,0,0,0,0,0,0,0,0,0,0,0,0,0,0,0,0,0,0,3393,0,0
VC01,0,0,0,0,0,0,0,0,0,0,0,0,0,0,0,0,0,0,0,0,0,0,0,0,0,0,0,0,0,0,0,0,0,0,0,0,0,0,0,0,0,0,0,0,0,0,0,0,0,0,0,0,0,0,0,0,0,0,0,0,0,0,0,0,0,0,0,0,0,0,0,0,0,0,0,0,0,0,0,0,0,0,0,0,0,0,0,0,0,0,0,0,0,0,0,0,0,0,0,0,0,0,0,0,0,0,0,0,0,0,0,0,0,0,0,0,0,0,0,0,0,0,0,0,0,0,0,0,0,0,0,0,0,0,0,0,0,0,0,0,0,0,0,0,0,0,0,0,0,0,0,0,0,0,0,0,0,0,0,0,0,0,0,0,0,0,0,0,0,0,0,0,0,0,0,0,0,0,0,0,0,0,1373
